method,origin,train_end,target_index,status,error_message,fit_seconds,predict_seconds,mse_t,mae_t,sarma_branch_actual,sarma_initial_lmbd,sarma_initial_eta,sarma_profile_loss,sarma_profile_candidate_index,sarma_profile_candidate_count,sarma_final_lmbd,sarma_final_eta,sarma_loss,sarma_iter_no,sarma_converged,sarma_theta_diff,sarma_loss_diff
SARMA_LS,0,737,0,ok,,0.37549995799781755,0.004018958017695695,2.7265570479786123,1.3276318199386687,MLE,[0.85],[],3.289808522307029,12.0,12.0,[0.8707322954961632],[],3.288734702473985,18.0,True,1.0543003870711054e-05,2.2568563847373176e-09
SARMA_MLE,0,737,0,ok,,0.37549995799781755,0.0002880420070141554,2.519581966389483,1.2661922071540754,LS,[0.85],[],3.289808522307029,12.0,12.0,[0.8213780780367599],[],4.886854244345175,20.0,True,1.986659567410065e-06,2.579410507878066e-11
SARMA_LS,1,738,1,ok,,0.3567967920098454,0.00030745798721909523,1.4967369729725037,0.8091695755341298,MLE,[0.85],[],3.307287309593846,12.0,12.0,[0.8574042178687145],[],3.307144756572664,14.0,True,1.1284196441807559e-05,2.2980819876577537e-09
SARMA_MLE,1,738,1,ok,,0.3567967920098454,0.0002630419912748039,1.5117991580776986,0.8537809897690849,LS,[0.85],[],3.307287309593846,12.0,12.0,[0.8163272987333318],[],4.901670233326423,20.0,True,3.012000666102743e-06,6.216361309568256e-11
SARMA_LS,2,739,2,ok,,0.326516792003531,0.0003227500128559768,0.492522112142743,0.5282520702013475,MLE,[0.85],[],3.3168588968228248,12.0,12.0,[0.851171936239356],[],3.3168550238464674,9.0,True,1.0485727967912695e-05,1.865625440618972e-09
SARMA_MLE,2,739,2,ok,,0.326516792003531,0.00026125001022592187,0.534753762884015,0.582345240776221,LS,[0.85],[],3.3168588968228248,12.0,12.0,[0.819552428311366],[],4.904855954823962,19.0,True,1.9097689196723167e-06,2.7128349473282604e-11
SARMA_LS,3,740,3,ok,,0.3875031659845263,0.0003161670174449682,0.872164715729844,0.7640006480493843,MLE,[0.85],[],3.3173032735633643,12.0,12.0,[0.8464180653167435],[],3.3172725468437543,15.0,True,6.961216567624717e-07,8.022532270150672e-12
SARMA_MLE,3,740,3,ok,,0.3875031659845263,0.0002757500042207539,0.9613488592065744,0.8043532798851789,LS,[0.85],[],3.3173032735633643,12.0,12.0,[0.8204096469429936],[],4.904910242336018,19.0,True,2.991268454155538e-06,6.818309671115404e-11
SARMA_LS,4,741,4,ok,,0.3034962500096299,0.00033075001556426287,0.41200796589575184,0.49645975761217825,MLE,[0.85],[],3.3065477617489,12.0,12.0,[0.8491455904864472],[],3.3065459257361822,10.0,True,4.638862016737022e-08,2.5894203706184224e-13
SARMA_MLE,4,741,4,ok,,0.3034962500096299,0.00027295801555737853,0.47221845220000364,0.5330188140799249,LS,[0.85],[],3.3065477617489,12.0,12.0,[0.8258601740262803],[],4.900408442995997,18.0,True,3.35565418840833e-06,9.031729820598096e-11
SARMA_LS,5,742,5,ok,,0.31653349997941405,0.0003314170171506703,2.5609086795175675,1.0092214651181242,MLE,[0.85],[],3.274114060177358,12.0,12.0,[0.8540078249326223],[],3.2740695727207814,12.0,True,9.471605978306208e-06,1.6848106072316485e-09
SARMA_MLE,5,742,5,ok,,0.31653349997941405,0.00026950001483783126,2.4800537827549602,0.9920829131088934,LS,[0.85],[],3.274114060177358,12.0,12.0,[0.8274541401569978],[],4.88673909556263,18.0,True,3.373466507139433e-06,9.567936980092045e-11
SARMA_LS,6,743,6,ok,,0.38850045803701505,0.00029995798831805587,10.76458375611619,2.62509592202815,MLE,[0.85],[],3.3096711589763035,12.0,12.0,[0.8390907040944011],[],3.3093664184515554,18.0,True,4.5631606826468385e-08,2.610026038034466e-13
SARMA_MLE,6,743,6,ok,,0.38850045803701505,0.00027970800874754786,10.880676109231176,2.630292560212533,LS,[0.85],[],3.3096711589763035,12.0,12.0,[0.818501109243538],[],4.904190825601744,18.0,True,2.0005322167726547e-06,3.149378493708843e-11
SARMA_LS,7,744,7,ok,,0.35592766699846834,0.00031575001776218414,1.9199108686441653,0.9604207473955152,MLE,[0.85],[],3.384656018352545,12.0,12.0,[0.8551328465557394],[],3.384589702857375,13.0,True,1.0941848912371377e-05,2.1136682477268718e-09
SARMA_MLE,7,744,7,ok,,0.35592766699846834,0.0002651250106282532,1.8559482208672728,0.9497891194870962,LS,[0.85],[],3.384656018352545,12.0,12.0,[0.8282257539941948],[],4.983196364959568,19.0,True,3.339392103729466e-06,9.213305334793097e-11
SARMA_LS,8,745,8,ok,,0.387899124994874,0.00031037500593811274,0.10551870805056777,0.23742466113279115,MLE,[0.85],[],3.4097791335039207,12.0,12.0,[0.8523786600246144],[],3.409764493052269,11.0,True,1.1407945532670993e-05,2.1721076514898056e-09
SARMA_MLE,8,745,8,ok,,0.387899124994874,0.0002878329833038151,0.07952793374532131,0.19916740590645055,LS,[0.85],[],3.4097791335039207,12.0,12.0,[0.8224241374956248],[],4.99291949286166,19.0,True,1.317816134993599e-06,1.381866106156387e-11
SARMA_LS,9,746,9,ok,,0.33916204201523215,0.00031120795756578445,0.8444033059531896,0.6241307781465376,MLE,[0.85],[],3.3060872830233787,12.0,12.0,[0.8486105782917741],[],3.306082636818077,12.0,True,4.1785731186294583e-07,2.989534004622434e-12
SARMA_MLE,9,746,9,ok,,0.33916204201523215,0.00028312503127381206,0.7965655511954434,0.5995097929112182,LS,[0.85],[],3.3060872830233787,12.0,12.0,[0.8205585293928109],[],4.939016574511236,19.0,True,1.497562630570215e-06,1.7879674697101004e-11
SARMA_LS,10,747,10,ok,,0.4414539160206914,0.0003233749885112047,0.13910755066069133,0.2993285242195815,MLE,[0.85],[],3.2944648164840222,12.0,12.0,[0.8428822093723193],[],3.2943461198873822,18.0,True,5.854014928363682e-08,2.58148521061655e-13
SARMA_MLE,10,747,10,ok,,0.4414539160206914,0.000272250035777688,0.15912643613145708,0.3178094527624186,LS,[0.85],[],3.2944648164840222,12.0,12.0,[0.8168974293024875],[],4.926638976135703,20.0,True,7.348892427927467e-08,1.775765527097997e-13
SARMA_LS,11,748,11,ok,,0.48752987501211464,0.00031229201704263687,0.7369888570164639,0.626333221930306,MLE,[0.85],[],3.292772051382521,12.0,12.0,[0.8336254957404577],[],3.2921354067463877,20.0,True,5.916649384873907e-07,5.6204903841744535e-12
SARMA_MLE,11,748,11,ok,,0.48752987501211464,0.0002674999996088445,0.7263846517829702,0.6278420292342175,LS,[0.85],[],3.292772051382521,12.0,12.0,[0.8136059541179258],[],4.924521558791486,20.0,True,1.7304189525724212e-07,1.634046018962006e-13
SARMA_LS,12,749,12,ok,,0.429849042033311,0.0003103329800069332,0.44562428609255283,0.4752009381614914,MLE,[0.85],[],3.2763605234547404,12.0,12.0,[0.8422402144450766],[],3.2762214736520336,18.0,True,4.3782798164748726e-08,2.64049766993807e-13
SARMA_MLE,12,749,12,ok,,0.429849042033311,0.0002579169813543558,0.4393427238898379,0.4672353268546252,LS,[0.85],[],3.2763605234547404,12.0,12.0,[0.8167083618290635],[],4.92403078911586,21.0,True,2.076873595324713e-06,3.6452598373603085e-11
SARMA_LS,13,750,13,ok,,0.4633344999747351,0.00030449999030679464,1.8964673616638625,1.2197789535276886,MLE,[0.85],[],3.271119382938411,12.0,12.0,[0.8349361923540918],[],3.2705895676088237,20.0,True,0.0,0.0
SARMA_MLE,13,750,13,ok,,0.4633344999747351,0.00026583304861560464,1.8851747789138207,1.2175792692989837,LS,[0.85],[],3.271119382938411,12.0,12.0,[0.8123352347361418],[],4.920426005915626,21.0,True,1.4705052795438434e-06,1.7918888632557783e-11
SARMA_LS,14,751,14,ok,,0.5388306669774465,0.0003214579774066806,0.25821363717434864,0.4659759255612527,MLE,[0.85],[],3.2644307187951744,12.0,12.0,[0.8341775204686592],[],3.263823571790446,20.0,True,3.3459584536377207e-07,1.977146800135317e-12
SARMA_MLE,14,751,14,ok,,0.5388306669774465,0.000263167021330446,0.26668901174127574,0.46810020258079116,LS,[0.85],[],3.2644307187951744,12.0,12.0,[0.8113457548494108],[],4.921883071858452,21.0,True,1.7059291340659755e-06,2.3867695537992743e-11
SARMA_LS,15,752,15,ok,,0.4818974580266513,0.000320332997944206,0.2978053334733644,0.4134342737093612,MLE,[0.85],[],3.256052171338543,12.0,12.0,[0.8403406332541894],[],3.2558316269439795,19.0,True,0.0,0.0
SARMA_MLE,15,752,15,ok,,0.4818974580266513,0.0002652079565450549,0.2988853197522962,0.41753204562784463,LS,[0.85],[],3.256052171338543,12.0,12.0,[0.8139155025570682],[],4.9200050459641425,21.0,True,1.6808628261477665e-06,2.3061740956340595e-11
SARMA_LS,16,753,16,ok,,0.44390970800304785,0.0002947080065496266,0.49374451801899305,0.6098865970395586,MLE,[0.85],[],3.256557169581361,12.0,12.0,[0.8431812892410838],[],3.2564444211903254,17.0,True,3.134796119352856e-07,1.8567099429190763e-12
SARMA_MLE,16,753,16,ok,,0.44390970800304785,0.00026754196733236313,0.48838236870565116,0.6037958001690076,LS,[0.85],[],3.256557169581361,12.0,12.0,[0.8153941561708739],[],4.920340363125843,21.0,True,1.9468055533211626e-06,3.127759636491923e-11
SARMA_LS,17,754,17,ok,,0.4154839999973774,0.00031583302188664675,0.4025156531844014,0.5512812956851528,MLE,[0.85],[],3.268610024559564,12.0,12.0,[0.8354443645735604],[],3.2681044157457255,19.0,True,0.0,0.0
SARMA_MLE,17,754,17,ok,,0.4154839999973774,0.0002769159618765116,0.40423097080452286,0.5464768095334609,LS,[0.85],[],3.268610024559564,12.0,12.0,[0.8106448323386226],[],4.926900599321465,21.0,True,1.806676290017073e-06,2.536505794188122e-11
SARMA_LS,18,755,18,ok,,0.47061212500557303,0.00030112499371171,1.0311620935031858,0.888662695630924,MLE,[0.85],[],3.255983470677702,12.0,12.0,[0.8439116955871248],[],3.2558928461576233,17.0,True,3.499390774930333e-07,2.181509335971929e-12
SARMA_MLE,18,755,18,ok,,0.47061212500557303,0.00026175001403316855,1.012090188703699,0.8840613127649976,LS,[0.85],[],3.255983470677702,12.0,12.0,[0.8150040789718983],[],4.921333198898926,21.0,True,1.950788656279734e-06,3.083616085200156e-11
SARMA_LS,19,756,19,ok,,0.444629666977562,0.0003090000245720148,0.5373040824851479,0.5310529474526229,MLE,[0.85],[],3.2550645111740026,12.0,12.0,[0.8429661387854018],[],3.254940630299779,17.0,True,3.521164695374779e-07,2.1751893203602767e-12
SARMA_MLE,19,756,19,ok,,0.444629666977562,0.00026054197223857045,0.5387390406302507,0.5257262102523698,LS,[0.85],[],3.2550645111740026,12.0,12.0,[0.8164692532478486],[],4.92760276294575,20.0,True,8.895505729800135e-07,6.346444166758225e-12
SARMA_LS,20,757,20,ok,,0.4685197500512004,0.0003016250557266176,0.7022250147508037,0.673943607503559,MLE,[0.85],[],3.2588328901555266,12.0,12.0,[0.8314283720763419],[],3.2580031359829063,20.0,True,4.5429608830360735e-07,3.279277055710228e-12
SARMA_MLE,20,757,20,ok,,0.4685197500512004,0.000262417015619576,0.7011265434297848,0.6662558187670354,LS,[0.85],[],3.2588328901555266,12.0,12.0,[0.8089161334240933],[],4.9183245459028075,21.0,True,2.098090029378774e-06,3.3051846999855875e-11
SARMA_LS,21,758,21,ok,,0.5293572919908911,0.00031212501926347613,0.7388383777137442,0.6304930473262839,MLE,[0.85],[],3.2492269261392233,12.0,12.0,[0.8383792573939455],[],3.2488878504594663,19.0,True,3.9905186344224575e-07,2.8246898998184477e-12
SARMA_MLE,21,758,21,ok,,0.5293572919908911,0.00027370796306058764,0.7201290603237203,0.621064106587754,LS,[0.85],[],3.2492269261392233,12.0,12.0,[0.8127578940597875],[],4.908511997952396,21.0,True,1.5109429618576087e-06,1.8844857848992737e-11
SARMA_LS,22,759,22,ok,,0.4766624999465421,0.00030379201052710414,2.638903084624751,0.988136380754081,MLE,[0.85],[],3.2503811165784144,12.0,12.0,[0.8386226944698196],[],3.2500391870025997,18.0,True,1.7603699209445267e-07,2.3693574404383513e-13
SARMA_MLE,22,759,22,ok,,0.4766624999465421,0.0002678749733604491,2.6653745479525193,0.9884662103056673,LS,[0.85],[],3.2503811165784144,12.0,12.0,[0.8131580631745422],[],4.90945592263544,21.0,True,1.9720065492778716e-06,3.239948444105197e-11
SARMA_LS,23,760,23,ok,,0.45440595800755545,0.0002894169883802533,0.8910863772064328,0.8540092105907847,MLE,[0.85],[],3.2649598544184752,12.0,12.0,[0.8411541731132379],[],3.2647560915028193,18.0,True,6.454352553530995e-07,7.770439086728542e-12
SARMA_MLE,23,760,23,ok,,0.45440595800755545,0.00026729103410616517,0.8808986621493992,0.8492896068058156,LS,[0.85],[],3.2649598544184752,12.0,12.0,[0.8148250171929612],[],4.920344621005045,21.0,True,1.5621186885139693e-06,2.0863325765195022e-11
SARMA_LS,24,761,24,ok,,0.4920033750240691,0.00030462502036243677,0.11004879224046003,0.28366539116643225,MLE,[0.85],[],3.2637466516079243,12.0,12.0,[0.8398592536770032],[],3.2634874496889172,19.0,True,3.328606045238658e-07,2.028651868237003e-12
SARMA_MLE,24,761,24,ok,,0.4920033750240691,0.00026062503457069397,0.11462853697557057,0.2824092783003203,LS,[0.85],[],3.2637466516079243,12.0,12.0,[0.8134632172357243],[],4.921504283051625,21.0,True,8.861704627882716e-07,6.5580576951567245e-12
SARMA_LS,25,762,25,ok,,0.4612234589876607,0.0003286669962108135,0.23068440578673377,0.3498879165582817,MLE,[0.85],[],3.2503813443901644,12.0,12.0,[0.8408011074322147],[],3.2501732921784345,19.0,True,4.705902612034407e-08,2.7149475094161836e-13
SARMA_MLE,25,762,25,ok,,0.4612234589876607,0.00027175003197044134,0.234484232417471,0.3390651914266642,LS,[0.85],[],3.2503813443901644,12.0,12.0,[0.8133948294867696],[],4.917817789430753,21.0,True,8.105273311409533e-07,5.416137472467934e-12
SARMA_LS,26,763,26,ok,,0.4572545000119135,0.00029854103922843933,0.681943146134449,0.6376425428415828,MLE,[0.85],[],3.2437275951281896,12.0,12.0,[0.8396005274776209],[],3.243460130256556,19.0,True,3.8564054449796714e-07,2.6729192077550798e-12
SARMA_MLE,26,763,26,ok,,0.4572545000119135,0.0002633330295793712,0.6874227006931445,0.650693568089554,LS,[0.85],[],3.2437275951281896,12.0,12.0,[0.8116799680019243],[],4.913955552432879,21.0,True,4.313710988412822e-08,1.7116654461249706e-13
SARMA_LS,27,764,27,ok,,0.4336657500243746,0.0003031669766642153,0.7171142256491249,0.6954891281098295,MLE,[0.85],[],3.247664687887081,12.0,12.0,[0.8413065432006047],[],3.24748365201565,18.0,True,2.611814203801188e-07,2.1455866460280993e-13
SARMA_MLE,27,764,27,ok,,0.4336657500243746,0.00025887496303766966,0.6962415645978474,0.6818879847320503,LS,[0.85],[],3.247664687887081,12.0,12.0,[0.8118851615790093],[],4.918130880359405,21.0,True,0.0,0.0
SARMA_LS,28,765,28,ok,,0.4354438749724068,0.0003054580301977694,1.63546921363566,1.1843669281547584,MLE,[0.85],[],3.2487888623567804,12.0,12.0,[0.8400279944670329],[],3.2485512360511053,19.0,True,4.257734997903384e-08,2.5262849422434153e-13
SARMA_MLE,28,765,28,ok,,0.4354438749724068,0.00026475003687664866,1.6042868875376686,1.1835382154966627,LS,[0.85],[],3.2487888623567804,12.0,12.0,[0.8111180333244796],[],4.91950690851983,21.0,True,1.3318256886218904e-07,1.7151502028357255e-13
SARMA_LS,29,766,29,ok,,0.5899729580269195,0.0003000420401804149,0.47981198053376256,0.5941067338114344,MLE,[0.85],[],3.254711137765114,12.0,12.0,[0.8328716819583397],[],3.2539948265496017,20.0,True,1.0147654524450544e-06,4.722172851168906e-12
SARMA_MLE,29,766,29,ok,,0.5899729580269195,0.00026354199508205056,0.46680614156862754,0.5953782555432067,LS,[0.85],[],3.254711137765114,12.0,12.0,[0.8052995847148119],[],4.929820180679533,21.0,True,1.2216597063963164e-06,1.0602316336909037e-11
SARMA_LS,30,767,30,ok,,0.5354267089860514,0.000299000006634742,0.4359051160558199,0.5178081445518429,MLE,[0.85],[],3.251207936519883,12.0,12.0,[0.8361561103296935],[],3.2507555072507244,20.0,True,1.0709905791106422e-06,5.404742363820474e-12
SARMA_MLE,30,767,30,ok,,0.5354267089860514,0.0002616660203784704,0.39654635651953135,0.4857529208500919,LS,[0.85],[],3.251207936519883,12.0,12.0,[0.8073897125468524],[],4.927080627332414,21.0,True,0.0,0.0
SARMA_LS,31,768,31,ok,,0.4939884170307778,0.00030112499371171,0.3979475293876373,0.606643296750253,MLE,[0.85],[],3.247518933490377,12.0,12.0,[0.8328611563301731],[],3.246835449665224,20.0,True,6.353438497530561e-08,2.620627614797873e-13
SARMA_MLE,31,768,31,ok,,0.4939884170307778,0.00026333396090194583,0.3815079070274825,0.5962271299886767,LS,[0.85],[],3.247518933490377,12.0,12.0,[0.8043080714093214],[],4.923772396717915,22.0,True,2.251714312451192e-06,3.5833262925518884e-11
SARMA_LS,32,769,32,ok,,0.46451324998633936,0.00031708297319710255,0.3265374918422343,0.4671918561114751,MLE,[0.85],[],3.2476207898890617,12.0,12.0,[0.833375143131417],[],3.2469739167883516,20.0,True,0.0,0.0
SARMA_MLE,32,769,32,ok,,0.46451324998633936,0.0002762090298347175,0.3082323719918218,0.46935715160564356,LS,[0.85],[],3.2476207898890617,12.0,12.0,[0.8038624332811999],[],4.922918975779626,22.0,True,2.232286826830965e-06,3.512899274101013e-11
SARMA_LS,33,770,33,ok,,0.5448925839737058,0.00030920800054445863,0.0569735754264577,0.2203484138995732,MLE,[0.85],[],3.248051151537019,12.0,12.0,[0.8321137921340391],[],3.2473065722330867,20.0,True,6.934154783699853e-08,2.664009372517784e-13
SARMA_MLE,33,770,33,ok,,0.5448925839737058,0.00026187498588114977,0.05457033904698224,0.20159321954880652,LS,[0.85],[],3.248051151537019,12.0,12.0,[0.8028178226048058],[],4.9233347949460695,22.0,True,2.065640415715997e-06,2.9804895611344406e-11
SARMA_LS,34,771,34,ok,,0.4630993339815177,0.0003384589799679816,0.3345773923020446,0.5586276384998619,MLE,[0.85],[],3.2440292338405112,12.0,12.0,[0.8327001895596368],[],3.2433194785706134,20.0,True,4.522805961970633e-07,3.2964512134233852e-12
SARMA_MLE,34,771,34,ok,,0.4630993339815177,0.0002680419711396098,0.298972542421925,0.5292522551368085,LS,[0.85],[],3.2440292338405112,12.0,12.0,[0.8036190113741215],[],4.92174878967939,21.0,True,4.635235506533775e-08,1.7396333279399522e-13
SARMA_LS,35,772,35,ok,,0.45650774997193366,0.0003059580340050161,0.20114264551740635,0.34659404705639285,MLE,[0.85],[],3.2338180108332626,12.0,12.0,[0.8301315653073047],[],3.2328873362670403,21.0,True,3.918033980587765e-07,1.5302581726164203e-13
SARMA_MLE,35,772,35,ok,,0.45650774997193366,0.00027183303609490395,0.21609007527953195,0.3505207140308411,LS,[0.85],[],3.2338180108332626,12.0,12.0,[0.800010980048487],[],4.914786961029862,22.0,True,2.1818248794325257e-06,3.248614318659848e-11
SARMA_LS,36,773,36,ok,,0.5720957919838838,0.00029620801797136664,0.03579318328148973,0.1371609990919043,MLE,[0.85],[],3.235189342607867,12.0,12.0,[0.8297923178815286],[],3.234227984464868,21.0,True,7.292950332526971e-08,2.6541857325602355e-13
SARMA_MLE,36,773,36,ok,,0.5720957919838838,0.00026041700039058924,0.0394880828422432,0.147552911744993,LS,[0.85],[],3.235189342607867,12.0,12.0,[0.7996548348321856],[],4.914751081318539,22.0,True,1.9175873533505694e-06,2.525662282114811e-11
SARMA_LS,37,774,37,ok,,0.4511318340082653,0.00031045899959281087,0.3040109175985724,0.4325944627049065,MLE,[0.85],[],3.2316098242456577,12.0,12.0,[0.8301580434301071],[],3.230670485774007,21.0,True,9.372640097371487e-08,2.5471401517471403e-13
SARMA_MLE,37,774,37,ok,,0.4511318340082653,0.0002651250106282532,0.29866729388308105,0.42154222564817284,LS,[0.85],[],3.2316098242456577,12.0,12.0,[0.8004894792374208],[],4.912355970804617,22.0,True,2.0104409147458924e-06,2.813342985887169e-11
SARMA_LS,38,775,38,ok,,0.47979037498589605,0.0003060000017285347,0.20539975398752366,0.4295436813859401,MLE,[0.85],[],3.232241028957967,12.0,12.0,[0.8298701583564327],[],3.231265907105426,21.0,True,0.0,0.0
SARMA_MLE,38,775,38,ok,,0.47979037498589605,0.00026045902632176876,0.18310133243870833,0.40125949077696926,LS,[0.85],[],3.232241028957967,12.0,12.0,[0.8005188226073564],[],4.912876095988045,22.0,True,2.1774468893509535e-06,3.308145131760197e-11
SARMA_LS,39,776,39,ok,,0.4968901249812916,0.0003030000370927155,0.06535123820533531,0.22305819224740753,MLE,[0.85],[],3.2281426589957043,12.0,12.0,[0.8289257337075957],[],3.227069148882849,21.0,True,1.1050380666066673e-07,2.616037300016546e-13
SARMA_MLE,39,776,39,ok,,0.4968901249812916,0.00027708400739356875,0.06083979023378679,0.2135942346602133,LS,[0.85],[],3.2281426589957043,12.0,12.0,[0.7987720513727582],[],4.910215399060034,22.0,True,2.0714706453484055e-06,2.970889189535499e-11
SARMA_LS,40,777,40,ok,,0.5762249590479769,0.0003012089873664081,0.3831775643426871,0.4739353124389137,MLE,[0.85],[],3.2278732852543315,12.0,12.0,[0.8283771626853467],[],3.226741567313393,21.0,True,7.183620365225352e-08,2.588777339071255e-13
SARMA_MLE,40,777,40,ok,,0.5762249590479769,0.00026229198556393385,0.3980755575728403,0.4834958691620803,LS,[0.85],[],3.2278732852543315,12.0,12.0,[0.7978616467892515],[],4.909059482516238,22.0,True,1.670909746454008e-06,1.9168604535492022e-11
SARMA_LS,41,778,41,ok,,0.5493929170188494,0.00029920897213742137,0.5421134795327472,0.5619009112512302,MLE,[0.85],[],3.2295043544515107,12.0,12.0,[0.8307638419709577],[],3.2286209366818714,21.0,True,7.119707401415099e-08,2.5405042357973604e-13
SARMA_MLE,41,778,41,ok,,0.5493929170188494,0.00026650005020201206,0.531878496496182,0.5574117227578925,LS,[0.85],[],3.2295043544515107,12.0,12.0,[0.7991990087995595],[],4.909359985098303,22.0,True,1.350015392920234e-06,1.269591072428271e-11
SARMA_LS,42,779,42,ok,,0.6166522920248099,0.0003015840193256736,0.045029139617038555,0.16660163775865675,MLE,[0.85],[],3.2334865638523635,12.0,12.0,[0.8281312235172025],[],3.2323325500067,21.0,True,1.1969540667511325e-06,6.494821432355626e-12
SARMA_MLE,42,779,42,ok,,0.6166522920248099,0.0002625840133987367,0.04340676607167118,0.16727608984433295,LS,[0.85],[],3.2334865638523635,12.0,12.0,[0.7978027412988977],[],4.911793497407429,22.0,True,1.8199709036492706e-06,2.29075354841663e-11
SARMA_LS,43,780,43,ok,,0.5025067499955185,0.0002976669929921627,0.026245160423009367,0.13875108838728198,MLE,[0.85],[],3.228007310032027,12.0,12.0,[0.8205134433241869],[],3.225904289509531,22.0,True,0.0,0.0
SARMA_MLE,43,780,43,ok,,0.5025067499955185,0.0002584999892860651,0.028562946566954822,0.14202189490197367,LS,[0.85],[],3.228007310032027,12.0,12.0,[0.793716857327429],[],4.90734495084153,22.0,True,2.049941265624966e-06,2.8007592553346805e-11
SARMA_LS,44,781,44,ok,,0.503905457968358,0.00030045799212530255,0.301057241591745,0.46385746744859174,MLE,[0.85],[],3.216471625040265,12.0,12.0,[0.8270134013722045],[],3.215188301108188,21.0,True,6.549000577393826e-07,6.8688199472671715e-12
SARMA_MLE,44,781,44,ok,,0.503905457968358,0.00026933400658890605,0.288113244299304,0.45229944648927356,LS,[0.85],[],3.216471625040265,12.0,12.0,[0.7975658430503524],[],4.900514772540805,22.0,True,1.3689380988779476e-06,1.2889012350512613e-11
SARMA_LS,45,782,45,ok,,0.6182817919761874,0.0002972079673781991,0.14469509208309345,0.3010972559503093,MLE,[0.85],[],3.2179585253593332,12.0,12.0,[0.8264052579992611],[],3.216593086854915,21.0,True,7.716880880970223e-07,2.668599178319676e-12
SARMA_MLE,45,782,45,ok,,0.6182817919761874,0.0002631249953992665,0.1423886802248134,0.29576049402647986,LS,[0.85],[],3.2179585253593332,12.0,12.0,[0.7967585250642315],[],4.899751847492013,22.0,True,1.94065094794027e-06,2.590058912504211e-11
SARMA_LS,46,783,46,ok,,0.6202512919553556,0.0003169159754179418,0.14901505583239788,0.30010367142986943,MLE,[0.85],[],3.2161304811754476,12.0,12.0,[0.8261831955129335],[],3.2147308944145148,21.0,True,7.626222383594339e-07,2.6122635523147378e-12
SARMA_MLE,46,783,46,ok,,0.6202512919553556,0.00025741703575477004,0.15870990287483974,0.3042006323170824,LS,[0.85],[],3.2161304811754476,12.0,12.0,[0.7968747555153111],[],4.898828368353808,22.0,True,1.8351474926348033e-06,2.328399398521256e-11
SARMA_LS,47,784,47,ok,,0.5888902089791372,0.00032837502658367157,0.04853387197487355,0.206508580429372,MLE,[0.85],[],3.212053242598061,12.0,12.0,[0.8259547383889554],[],3.210616006745774,21.0,True,1.0017281515395382e-07,2.691686988987593e-13
SARMA_MLE,47,784,47,ok,,0.5888902089791372,0.0002632499672472477,0.04738352108712615,0.2064963695495886,LS,[0.85],[],3.212053242598061,12.0,12.0,[0.7968021334260834],[],4.89803201669192,21.0,True,1.564211247195857e-07,1.6374432558046762e-13
SARMA_LS,48,785,48,ok,,0.6348159170011058,0.0002928749890998006,0.12506457747759414,0.3271093851025037,MLE,[0.85],[],3.212756183349934,12.0,12.0,[0.8250766149608751],[],3.2112088136903543,21.0,True,7.046022376666627e-07,2.2189180357043844e-12
SARMA_MLE,48,785,48,ok,,0.6348159170011058,0.00026166700990870595,0.12875845587634963,0.33505834667491774,LS,[0.85],[],3.212756183349934,12.0,12.0,[0.7966866614266199],[],4.897637619946198,21.0,True,0.0,0.0
SARMA_LS,49,786,49,ok,,0.5888769999728538,0.00030933303060010076,0.0611813015517868,0.16815034472781387,MLE,[0.85],[],3.212211845086265,12.0,12.0,[0.8258005352544995],[],3.210752230175283,21.0,True,9.437841874682107e-08,2.591987361212959e-13
SARMA_MLE,49,786,49,ok,,0.5888769999728538,0.00026041700039058924,0.06520367496327668,0.16874143515611081,LS,[0.85],[],3.212211845086265,12.0,12.0,[0.7972377129723964],[],4.897121481709514,21.0,True,0.0,0.0
SARMA_LS,50,787,50,ok,,0.6334275419940241,0.00030462502036243677,0.06305847527669436,0.20908185803915455,MLE,[0.85],[],3.20951902287615,12.0,12.0,[0.8240058015835198],[],3.2078425606252106,21.0,True,9.602637954797544e-07,4.077292162558435e-12
SARMA_MLE,50,787,50,ok,,0.6334275419940241,0.00026895798509940505,0.06608506319823752,0.21512032536501555,LS,[0.85],[],3.20951902287615,12.0,12.0,[0.7969545961286827],[],4.896683457153489,21.0,True,3.226717261162193e-07,1.367632597757996e-13
SARMA_LS,51,788,51,ok,,0.5511146659846418,0.00033129198709502816,0.25281764621947594,0.3912715146877456,MLE,[0.85],[],3.2058455309652807,12.0,12.0,[0.8238403989916689],[],3.20416529300815,21.0,True,4.308251877471747e-08,2.613947508294535e-13
SARMA_MLE,51,788,51,ok,,0.5511146659846418,0.00028024998027831316,0.2587256251468395,0.3976414436844578,LS,[0.85],[],3.2058455309652807,12.0,12.0,[0.795449862540621],[],4.894771944285732,22.0,True,2.338744478858068e-06,3.7099636125489473e-11
SARMA_LS,52,789,52,ok,,0.523437624971848,0.00030529097421094775,0.30820648451075555,0.44041736311791085,MLE,[0.85],[],3.2077669475469213,12.0,12.0,[0.8219802849218206],[],3.2058204097338607,21.0,True,4.34508502511477e-08,2.6569262464402375e-13
SARMA_MLE,52,789,52,ok,,0.523437624971848,0.00027116702403873205,0.31175400950619764,0.4421921370648539,LS,[0.85],[],3.2077669475469213,12.0,12.0,[0.7934059950091528],[],4.89724775919314,21.0,True,0.0,0.0
SARMA_LS,53,790,53,ok,,0.6396896250080317,0.00030283303931355476,0.2556517434383453,0.36160681138077977,MLE,[0.85],[],3.2064220922299165,12.0,12.0,[0.8245877447987309],[],3.204815309545959,21.0,True,9.875496610467493e-07,4.361192140690967e-12
SARMA_MLE,53,790,53,ok,,0.6396896250080317,0.0002630419912748039,0.2557679288041791,0.35952124629487886,LS,[0.85],[],3.2064220922299165,12.0,12.0,[0.7949418246277835],[],4.89614729457189,22.0,True,2.3285860031307948e-06,3.6789717496664754e-11
SARMA_LS,54,791,54,ok,,0.501135999977123,0.0003142910427413881,0.2834900016466404,0.43153824931015733,MLE,[0.85],[],3.202442032249973,12.0,12.0,[0.8270184286861756],[],3.201102596808704,21.0,True,6.007722952450223e-08,2.696911855051968e-13
SARMA_MLE,54,791,54,ok,,0.501135999977123,0.0002703749923966825,0.2814762038576028,0.4305985735847684,LS,[0.85],[],3.202442032249973,12.0,12.0,[0.7965920703737068],[],4.892991616094531,22.0,True,2.2604219375166323e-06,3.541029120407301e-11
SARMA_LS,55,792,55,ok,,0.6504536250140518,0.00031941599445417523,0.04746463584949084,0.1899285785360411,MLE,[0.85],[],3.2070862800404294,12.0,12.0,[0.8240346705520105],[],3.205382771604535,21.0,True,7.331231057783327e-07,2.402782229896853e-12
SARMA_MLE,55,792,55,ok,,0.6504536250140518,0.00026516697835177183,0.049662601242487704,0.19461109951726108,LS,[0.85],[],3.2070862800404294,12.0,12.0,[0.7965886266345604],[],4.894723807059432,22.0,True,2.259241486446406e-06,3.531973369074953e-11
SARMA_LS,56,793,56,ok,,0.5236724579590373,0.0003143750363960862,0.18457620679739153,0.3628761805569051,MLE,[0.85],[],3.204450829473198,12.0,12.0,[0.8250750589945571],[],3.202914814134501,21.0,True,4.350565045996291e-07,3.0275950255898275e-12
SARMA_MLE,56,793,56,ok,,0.5236724579590373,0.00026424997486174107,0.18931189209243252,0.36794738105672775,LS,[0.85],[],3.204450829473198,12.0,12.0,[0.7960954811109874],[],4.894423142990828,22.0,True,2.0596145120510556e-06,2.9154915285805996e-11
SARMA_LS,57,794,57,ok,,0.5280618329998106,0.00030866602901369333,0.2888763406511386,0.46592143619900006,MLE,[0.85],[],3.1993446916093675,12.0,12.0,[0.8241809118363181],[],3.1976824739155267,21.0,True,5.782688060618213e-07,5.319598776040606e-12
SARMA_MLE,57,794,57,ok,,0.5280618329998106,0.0002641670289449394,0.290186346250786,0.46679275903725387,LS,[0.85],[],3.1993446916093675,12.0,12.0,[0.795649409297696],[],4.893608840482825,22.0,True,2.1909249854346058e-06,3.2690076429639424e-11
SARMA_LS,58,795,58,ok,,0.5250309580005705,0.00030812498880550265,0.06987218718258434,0.223251587209641,MLE,[0.85],[],3.202115552511686,12.0,12.0,[0.8209320993718139],[],3.2000247869004452,21.0,True,1.0019757223922454e-07,2.7033712800971296e-13
SARMA_MLE,58,795,58,ok,,0.5250309580005705,0.00026166700990870595,0.06865086423797864,0.21985171153353877,LS,[0.85],[],3.202115552511686,12.0,12.0,[0.792838581752621],[],4.896285304960099,22.0,True,1.856615558182284e-06,2.2909527414972506e-11
SARMA_LS,59,796,59,ok,,0.5220187089871615,0.00030504202004522085,0.13659890844653527,0.2846720602032213,MLE,[0.85],[],3.198247903378986,12.0,12.0,[0.8228340071304837],[],3.1964111020195602,21.0,True,4.259974506481967e-08,2.5647152345126136e-13
SARMA_MLE,59,796,59,ok,,0.5220187089871615,0.00026066694408655167,0.14223735930870787,0.290040786194733,LS,[0.85],[],3.198247903378986,12.0,12.0,[0.7945451654404662],[],4.892455007377621,22.0,True,2.080315731567417e-06,2.9097476823326227e-11
