param_label,param_col,param_type,block,row,col,T,normal_a0_bias,normal_a0_esd,normal_a0_asd,t5_a0_bias,t5_a0_esd,t5_a0_asd,normal_a05_bias,normal_a05_esd,normal_a05_asd,t5_a05_bias,t5_a05_esd,t5_a05_asd
$\lambda$,lmbd_1,omega,lambda,1,,500,-0.12247856344147712,0.7375486733492724,0.3593794460278647,-0.12555995862434718,0.7372569214089064,0.35775947709593814,-0.08509200644121084,0.7467476499064686,0.3533361660491142,-0.09048673815839404,0.7042866421530877,0.3525484022988732
$\lambda$,lmbd_1,omega,lambda,1,,750,-0.06554594523370705,0.5118424558371342,0.32138693706523347,-0.05729546580844458,0.5412548458235849,0.32247957982248865,-0.0247328163704763,0.45901853035806023,0.31446328096781617,-0.02756193894475678,0.4989127993234158,0.3133119290935946
$\lambda$,lmbd_1,omega,lambda,1,,1000,-0.02859864518540367,0.41280413723621673,0.29260227312284426,-0.035564898235291846,0.3981244732237647,0.29182031479626286,-0.0186879261832018,0.35851738196153465,0.2814286956413155,-0.02035489806998303,0.371709653124281,0.280414886180163
$\gamma$,eta_1_gamma,omega,gamma,1,,500,0.09750617635269632,0.5051029675741255,0.258079602124139,0.10588800766564876,0.5048469396524997,0.256189542509315,0.08034701776127529,0.48665110771657183,0.2559932369950546,0.07120665374221957,0.4987997254806874,0.2570084101883807
$\gamma$,eta_1_gamma,omega,gamma,1,,750,0.05025638272487365,0.34476767511773854,0.2253683362062476,0.04541593016106349,0.3416760701627715,0.22564881244146867,0.03538064424133402,0.33389262751021165,0.2231838986486975,0.03033074544094405,0.3354590575480606,0.2237729999308319
$\gamma$,eta_1_gamma,omega,gamma,1,,1000,0.02667964844584203,0.2864297722549072,0.20218962654476721,0.029264553216743476,0.2648958940269851,0.20171977668400637,0.02693119295855584,0.25383106761482765,0.19869971445009943,0.02611196526571935,0.26198593648639484,0.19912547201164058
$\phi$,eta_1_phi,omega,phi,1,,500,-0.03571960483050085,0.6332337427498949,0.31031040352139194,-0.04477857043306943,0.5952167611522734,0.307917156931972,-0.01306790711613215,0.4860482873670322,0.2885234026524781,-0.03915208157495686,0.5886164797058127,0.29108485461953665
$\phi$,eta_1_phi,omega,phi,1,,750,-0.006835455811528,0.406982368646979,0.27401594575773375,-0.01443710648238116,0.42089414664214164,0.2743186533479645,-0.00414122983037223,0.3304905653175267,0.2523257081191062,-0.006746339720088421,0.37136830656148,0.2532466014525035
$\phi$,eta_1_phi,omega,phi,1,,1000,0.00019433143604641,0.3576267928226353,0.24719816690851912,-0.01004723356928249,0.3511421619745646,0.24666137583202433,-0.0080811802841807,0.2794766794829849,0.22542217922002977,-0.00998233914810242,0.2995015976806966,0.2259640011572988
"$g_{1,11}$",G1_r1_c1,G,1,1,1.0,500,-0.025067693998807587,0.4534488140999763,0.43825771404143127,-0.038049587309681436,0.4637914850045245,0.4412351246415783,-0.08031711910142236,0.5959271755136278,0.5688487135390858,-0.04548230264003861,0.594107071176386,0.5720714484323633
"$g_{1,11}$",G1_r1_c1,G,1,1,1.0,750,-0.01469939959200361,0.3717108329071221,0.35808297446597304,-0.01176136618790069,0.3720304030745879,0.35989170981050467,-0.03150314142427557,0.491518006629876,0.46459428913177686,-0.00709688312778955,0.48956465796383075,0.4666373517731223
"$g_{1,11}$",G1_r1_c1,G,1,1,1.0,1000,-0.0195788432366506,0.32891953824127484,0.31020026028945663,-0.023659859534830848,0.3288341247265346,0.3113058398628722,-0.03927250411567218,0.42097123715737467,0.40226920094894625,-0.03310563121111221,0.4217956700196776,0.4035351590190047
"$g_{2,11}$",G2_r1_c1,G,2,1,1.0,500,0.1848967015392189,0.760392912161862,0.6387103949281263,0.20633366681242743,0.7786086838330779,0.6405524851391056,0.1562540462401596,0.9419293371491069,0.8634532499117169,0.2065594899873638,0.9866972912259898,0.8598862230800448
"$g_{2,11}$",G2_r1_c1,G,2,1,1.0,750,0.13608597943238102,0.5883274598245954,0.5275257600357482,0.12908457154084424,0.5926775507831902,0.5307723077658295,0.1414278165506075,0.7401536796930356,0.7081810145154985,0.1442717782421507,0.8029057713299503,0.7117103499032258
"$g_{2,11}$",G2_r1_c1,G,2,1,1.0,1000,0.09423839501924104,0.4834851953055998,0.46055763560504615,0.0923338583659264,0.48448609552543076,0.46021315169155513,0.08644240461897296,0.6136479442682876,0.6121928849948166,0.0940719064274126,0.625277589559395,0.6127855765226929
"$g_{3,11}$",G3_r1_c1,G,3,1,1.0,500,-0.0562876639174539,0.5402907102507404,0.49816312779047517,-0.061365348156362,0.5278169595826336,0.4986194105518198,0.0027024294328209498,0.7359558496902406,0.6502295743243006,-0.06748956458949067,0.7057540426658588,0.6569101231443428
"$g_{3,11}$",G3_r1_c1,G,3,1,1.0,750,-0.03945313708410672,0.4126343162808168,0.408485796159695,-0.02699198278669011,0.4110931217300903,0.4093073168103067,0.0081152199869189,0.5652100448281916,0.5346663532725653,-0.01240781296159062,0.5444726325191517,0.5352480545621943
"$g_{3,11}$",G3_r1_c1,G,3,1,1.0,1000,-0.03426520608740411,0.37017909612091293,0.3560350749232921,-0.03189844046862233,0.35773688541958043,0.35560200504207745,-0.01180754256398929,0.4739395270416078,0.4608199621532972,-0.024180798990013942,0.4640608186166544,0.46171846005683176
"$g_{4,11}$",G4_r1_c1,G,4,1,1.0,500,0.0556296951991786,0.4347319064206047,0.39742327096923774,0.07561373019374068,0.43944557916781884,0.3981939756730314,0.09916930952004273,0.5525737341041865,0.502117882820716,0.07689241560376009,0.5660294337404924,0.5127887762207793
"$g_{4,11}$",G4_r1_c1,G,4,1,1.0,750,0.04484736951722162,0.3509143440675121,0.3258122429430098,0.03387468715597808,0.34430218678477864,0.327112024431446,0.08169733810835939,0.42831967618208766,0.41279208897765934,0.03207201605846171,0.4415778852235543,0.4135572820300856
"$g_{4,11}$",G4_r1_c1,G,4,1,1.0,1000,0.03940814982008711,0.2942409890044687,0.28366774479191836,0.03277395309565667,0.29851627143052584,0.28398329842455483,0.0686816018491912,0.37269601309385453,0.3565873094977846,0.03541444235028224,0.3805164425838472,0.3577148352529468
$\sigma_{11}$,Sigma_r1_c1,Sigma,Sigma,1,1.0,500,-0.4948979652016739,0.5817031311391309,0.5962226676279478,-0.4871939651380952,1.09223542899143,0.955414349513037,-0.4918303295015402,0.5965854700727031,0.5677847327849335,-0.4878857963642691,1.0913972737813107,0.89598685437232
$\sigma_{11}$,Sigma_r1_c1,Sigma,Sigma,1,1.0,750,-0.32662661961637807,0.4866813886791883,0.49629348537619783,-0.29372434845808537,0.957454414224746,0.8209540158089599,-0.3134211400297704,0.5195263284265195,0.4733406862317463,-0.29086491262379166,0.95663411682645,0.779681255700156
$\sigma_{11}$,Sigma_r1_c1,Sigma,Sigma,1,1.0,1000,-0.25406943978037777,0.42634146254270633,0.43312813604083533,-0.2944242606148939,0.7495296412658221,0.7260208444431374,-0.24964727556232802,0.44969875469297416,0.4125714594014685,-0.2928122734598271,0.7461416073279454,0.6835503357470407
$\sigma_{21}$,Sigma_r2_c1,Sigma,Sigma,2,1.0,500,0.01080678048334298,0.43686765679186407,0.4229781800778422,0.015432172521231519,0.6932861229684054,0.597725580274687,-0.26562311739565414,0.4672842498412618,0.4553942046433897,-0.2387988396124024,0.8117579397766941,0.6554927166132779
$\sigma_{21}$,Sigma_r2_c1,Sigma,Sigma,2,1.0,750,-0.00283295992455398,0.35225591599353734,0.3519253813037937,0.01178733652203148,0.635819073580594,0.5262545294842725,-0.17503217582539754,0.389707422944238,0.37933502303908984,-0.13910748533471795,0.7746825353278357,0.5762695415745731
$\sigma_{21}$,Sigma_r2_c1,Sigma,Sigma,2,1.0,1000,0.0032149033527455197,0.31529366680072723,0.3079041631813302,0.03271593199544244,0.4916113227295373,0.46532497321670546,-0.1408873136854727,0.33235089838642107,0.3314017997925509,-0.1206471179779467,0.5404125645446356,0.5129800675339955
$\sigma_{31}$,Sigma_r3_c1,Sigma,Sigma,3,1.0,500,-0.048323754077586475,0.4521147632670601,0.4229240374099062,-0.08791099052564628,0.703513501653302,0.5853601705284385,-0.26387573883052623,0.46700017421121737,0.4478570050692957,-0.3226105057992052,0.8060105146973765,0.6416217976479478
$\sigma_{31}$,Sigma_r3_c1,Sigma,Sigma,3,1.0,750,-0.02753172344317229,0.3583859392734269,0.3512904214968936,-0.00042451687391396994,0.6116789705149099,0.5319619724497912,-0.1684600416869264,0.38903290559949194,0.3737424061794667,-0.14654667838268465,0.7774236278362623,0.5764029874037472
$\sigma_{31}$,Sigma_r3_c1,Sigma,Sigma,3,1.0,1000,-0.01487528942630614,0.31573217672019727,0.30716614877920256,-0.01649953406516564,0.5017195104642427,0.4557703100894968,-0.12981642421273976,0.334324934529593,0.3260215579971853,-0.15366350597046663,0.5814356005533174,0.502041255330851
