"","FM1","FM2","FMRNBA","FMRRA","FYFF","FYGT10","CPIAUCSL","GDP273","PSCCOMR","PWFSA","CES002","LHUR","CES275R","GDP251","GDP252","IPS10","UTL11","HSFR","EXRUS","FSPIN"
"8\1\1959",-0.157226864912851,-0.205540642903408,0.178151143450932,0.462372802414926,0.5010763818654,0.503931014265173,0.75466043600077,0.827824714664813,-0.385575250350737,-0.463422381695392,-0.971219513091776,0.53458071766729,-1.14767252183156,-1.04042542792287,0.381909588219458,-3.11895021594687,-0.0556360962487668,-0.0277790556953017,0.207586996615826,0.105669551980375
"11\1\1959",-1.72114483061742,-1.53712356247613,0.0803876147378714,-0.470460726020085,0.418602837112668,0.163413366172373,0.183587502665402,-0.00608116109184685,-0.532032649641493,-0.239453496729719,-0.466308565448176,1.06424700585653,-0.841855416409335,-0.533481907385435,-1.08513593766554,-0.171728446058064,-0.148973830822743,-0.185260397319261,0.0840721059152229,-0.56786721393779
"2\1\1960",0.646873672475633,0.273631199257789,-0.000273677881783566,-0.288738534142862,-0.0659292383096373,-0.197535340806002,-1.16376752989434,-1.02259469019903,-0.249479872275267,1.00400871797627,1.43003793234355,-1.47815117745184,3.80249860210439,1.65917890563617,0.0485650407641218,3.23381741457407,0.820766478555885,-0.528368792653898,0.0781448112439986,-0.789735282050883
"5\1\1960",0.08169110521329,0.422594009204146,0.177385371685555,0.199147867242714,-0.251494714003286,-0.463139106318386,1.12601761586776,1.1059484553152,0.366141021372388,0.0964580261604036,-0.629870061407383,0.32271420239159,-0.623744068700895,-1.54384269312209,0.541845088954764,-1.86332444808774,0.125090406754823,-0.853167356671419,0.291874337474499,-0.40311140955932
"8\1\1960",1.24800110489017,1.48644347711841,0.233031453302914,1.07166935216311,-0.791009152594079,-0.87176028402975,-1.23161405443309,-0.503803352143897,-0.27517052193529,-0.574790130848436,-1.8231467155072,0.958313748218684,-0.313999667200729,-0.764505710318997,-1.91697031052357,-1.5240989230067,-0.408573771235965,-1.07233281026028,0.00975322189801175,-0.495204905155817
"11\1\1960",-1.05666860177869,-0.490760199562683,-0.0617906763670283,-0.206814912860364,-0.66729883546498,0.108930542477523,1.29487503535715,0.206874325983712,-0.700709463657313,0.655737898768612,-2.22528152978388,2.33544609751072,0.142986242499903,-2.49663014049041,-1.12697160828501,-2.01941488930007,-1.08067458289016,-1.18372706526175,0.138193348125831,-0.399598776570546
"2\1\1961",0.596136104403917,0.407084052165274,-0.249915273394512,-0.675255654798231,-0.309913474869805,-0.204345693767856,-0.998254383710024,-0.945724788472125,0.526680940535945,-0.904352856352059,-2.15575284747784,1.69984655168363,-0.448661227405771,-0.237706576796275,-1.31045932540698,-1.44016923200812,-1.52714853643885,-0.963451537021446,0.114560058735302,1.57247806034085
"5\1\1961",0.256836231664435,0.179357319506711,-0.0755745681438033,-0.331020331536355,-0.285858690983591,0.0067752480496817,-0.54077326097821,-0.596802015812291,0.33996229375032,-0.907016894058981,-0.477787209905069,0.640513975305138,2.29244903029826,1.25854226751879,0.936937736924126,1.9883162782754,-0.969916451782213,-0.892631124019345,-0.0113663512348539,0.758090457724231
"8\1\1961",-0.153006224968794,-0.237296112089789,0.22869207996578,0.863166120498729,-0.0590564429135763,0.388155013913621,0.936372055431039,1.18160414616648,-0.414119603628633,0.992654302805938,0.571868754234524,-0.736618373986898,0.895437606810062,0.956595062719197,-0.57055914720946,1.5151434855729,-0.51545661784691,-0.523629816855526,0.463704784137936,-0.109451615842552
"11\1\1961",0.352705105545007,0.112255444850824,0.0548618892253207,0.3517210006167,0.731315027633446,-0.0136558108358869,-0.565336716022625,-0.805271349687208,-0.251814142318703,0.0993979990791187,0.603102473822487,-1.79595095036539,1.11212877315761,1.44963645692736,1.69201669751288,1.70891995432791,-0.0242808531838152,-0.419373479746624,0.0954966497966945,0.498692786515835
"2\1\1962",-0.278163496416829,0.467687774916781,-0.208053083553932,-1.12624492890799,0.0509082834234007,0.0884994835919544,0.532256626862198,1.01108699145886,0.124051802697653,0.434198579004999,0.453983333463542,-1.79595095036539,0.427108364371437,1.16324193633692,0.298415521833478,0.464907749149343,0.0960220962867768,-0.51653006593641,0.172253669266062,-0.328963744105612
"5\1\1962",0.0248231804755261,0.070306757510673,0.0918741912185184,0.347437073329975,0.147127418968255,-0.292880282271984,-0.0423129716246753,-0.225704616813974,-0.815518863877735,-0.907014891299559,0.713475525839789,-0.312885343435501,-0.0185550887541515,0.33781704337919,0.513550229579396,0.136852100626691,0.128980398213867,-0.142395670176834,0.305011044986753,-2.30618391807987
"8\1\1962",-0.815201551105395,-0.847603401483474,0.0257625621410149,0.102859260725439,0.23991015681508,0.238327248752787,-0.214608813905165,-0.38539859331131,-0.489481781435023,0.769002050109815,-0.339046695728849,0.110847687115893,0.773270032055125,0.136688048599813,-0.0786843905999101,0.197828039473168,0.178498739395709,-0.275522375205031,0.0998650328384159,-1.59263489768372
"11\1\1962",0.696966008883946,0.678329955195211,0.079366585717369,0.333308261285612,0.0715266696115839,-0.177104281920432,-0.114449572631753,0.13191545378004,0.0836602766517614,-0.459387044615322,-0.384297667952501,-0.101018828159804,0.118529651675105,-0.660981813107939,0.826659848387105,0.0584798799595754,0.194904355549067,0.183381205719434,0.0109593039282562,0.216522274200674
"2\1\1963",0.539454590978763,0.345906052195158,-0.0845085720731949,-0.544794148575245,0.0371626926312787,-0.0204661637977422,0.15625197718721,-0.0450902300065837,0.00941301635262767,-0.683368617205145,-0.508639986608961,0.746447232942987,0.688675463590051,0.594929008390951,-0.295801251322064,0.686049859301902,0.345158033209984,-0.340067348406257,0.0860285828806432,1.28442357876204
"5\1\1963",-0.127865326395525,-0.0861928280107398,-0.0209495155469496,-0.0348261709707217,-0.0109468751411489,0.142982307286802,-0.310073919259813,-0.468710251944965,0.177441906561108,0.769893964046678,0.388031005578208,-0.101018828159804,0.963541024006341,0.521211658202656,0.138469013775888,1.17447680853705,0.668895035070793,0.382745987735633,0.140252328643344,0.79364553771809
"8\1\1963",0.115241808957339,-0.21578663103822,0.066858980216221,0.409454237233356,0.37049326934024,0.142982307286802,0.936081790000866,1.03620654688856,-0.241523103193725,-0.124807331474181,-0.0265945192723495,-0.736618373986898,0.544603019764408,1.26193207250313,0.729670472270278,-0.052873871192331,0.61886930369864,0.477979871128004,0.117096205053894,0.022203113240539
"11\1\1963",-0.0302986787949078,-0.138773754374314,0.0860032743506298,-0.0275812264857009,0.119636237384011,0.177034072096083,-0.773563086712558,-0.368022434455977,0.549313931552422,0.210997599259823,0.0992103641503235,0.216780944753742,0.494168114928025,-0.0308289618365274,-0.0283146091212102,0.587681519992962,0.761695965530381,0.357161257486201,0.0375950918314544,0.345329908468714
"2\1\1964",-0.382084918132739,-0.402493414912272,0.0242310186102634,-0.199980713897781,0.00279871565097355,0.122551248401234,0.298571642065694,0.315082646049132,-0.270351190716653,-0.236518922348221,0.290135107187332,-0.312885343435501,-0.550876071991201,1.67932524600876,1.65434847512767,0.387108301926723,0.826090398813631,0.404289180770531,0.0859847953648798,0.709296859101566
"5\1\1964",0.0704357121596777,0.0606408442095224,-0.0280967186904623,-0.117203416138546,0.0199807041411261,0.0408270128589628,-0.572283844834248,-0.796811687899469,0.199790792385678,0.0989513741743748,0.194382971184265,-0.842551631624746,1.02900138768061,0.419062074169915,1.3389685207674,0.995403119196091,1.05752650692414,-0.083666034139452,0.0813713388145015,0.335670867531
"8\1\1964",1.01672971522872,0.827307282866699,0.138586268906482,0.759749157130339,-0.0418744544234239,-0.0136558108358869,0.129708900995078,0.330281985586117,0.553586967862199,0.0986182919455434,0.89974241821092,-0.630685116349049,0.794752715059162,0.657712421093702,1.4575839841866,0.532749776209825,1.17052744974288,0.0453935213502618,0.0606378552493345,0.182081649544131
"11\1\1964",-0.341125978243362,-0.304864652104376,0.0331650225396564,-0.0752517334777815,0.116199839685981,-0.04089722268331,0.512509307598088,0.0265532633501082,1.15197102667978,-0.12447225638607,0.408121314875938,-0.101018828159804,-0.835976374577588,-0.631301391343783,-0.880385535621801,0.478371378191429,1.26650508400267,-0.0524185207331306,-0.00856422944316663,0.0661738996898099
"2\1\1965",-0.598334980458996,-0.0973695702494892,-0.194524449032283,-0.755475743630338,0.401420848622515,0.0612580717445287,-0.35317384513833,-0.0166434383400937,-0.0897921523000896,0.0982876296241893,1.05500276757386,-0.206952085797652,1.79818998408775,1.9277306605742,1.97981899504899,1.87406203234167,1.79022000217478,-0.359485902552723,0.0594615724295081,0.0557108439172157
"5\1\1965",-0.180710418198915,-0.490587196294468,0.0592012625624563,0.413613908739753,0.0990178511958279,0.00677524804968261,0.720787134973063,0.480492674950045,0.497933102788465,1.19994336126473,1.08649185720758,-0.736618373986901,0.91697727567034,0.642346342279947,0.35541506419209,0.977729370451157,1.90760361968083,-0.150061361008867,0.174784675277638,-0.0759694324068949
"8\1\1965",0.667525228806522,0.431239083559813,0.0916189339633911,0.0213785499569314,-0.0109468751411484,0.0816891306300982,-0.779401435336389,-0.388095161306884,-0.109101183750211,-1.11929848761649,1.06748420727598,-0.948484889262592,0.119559087213068,1.43188778693511,1.2588723166916,0.838542889575632,2.01881766661196,-0.10750672522033,0.0905736035424566,-0.375999520525198
"11\1\1965",0.644229341781093,0.36099843191532,0.127865464191212,0.0334800994463072,0.0887086581017369,0.463068896494037,0.502425076218592,-0.228821002638344,0.530659320415394,0.747060687590075,1.20670832143034,-0.842551631624749,1.00904037421843,1.88478227648577,2.86565638139169,0.794485877076313,2.03682634162745,0.026411710490059,-0.0107936458931657,0.671018283205667
"2\1\1966",-0.0505400567647339,-0.400397114588757,-0.117181500729258,-0.160956899125622,0.394548053226453,0.606086308693015,0.89122210074679,1.45605270986807,1.30706554860977,0.0840123079829142,1.28522733899951,-0.736618373986896,0.280460811410185,1.91531239292122,0.897882273570723,1.31444412557496,2.28735208646325,-0.446101095569866,0.100979552556612,-0.242402348173131
"5\1\1966",-0.702384892165544,-1.08591515414404,-0.103397608952482,-0.00464142844140483,0.360184076246148,0.0203959539733932,-0.0796607805741705,0.0653858453559289,-0.4834109406798,-0.770056139578066,1.42372357116813,-0.101018828159805,0.211279146157575,-0.54013480000577,-0.88457056959696,0.834991248697904,2.38599168085191,-0.848098680476648,0.111315017413441,-0.90155044659091
"8\1\1966",-1.50481670773763,-0.939292132937006,0.0745166978699856,-0.129895824497295,0.504512779563431,0.735483014968278,-0.100995528407015,-0.11557986854635,-0.416550961318201,0.62199405112313,0.906265073353086,-0.206952085797652,0.991423420963945,-0.171791015067432,0.410306447135732,0.498464574608647,2.31474380325897,-1.61519268239671,0.0410640893518859,-1.62323923253775
"11\1\1966",0.661624510111284,0.64044799538021,0.136033696355226,-0.119442063031597,0.150563816666286,-0.279259576348273,-0.121653641739852,0.00960293970582785,-1.83973988412775,-0.758566294298087,0.311163864823596,-0.206952085797652,-0.284288333204897,-0.000400195617219529,-0.677597757703413,0.12835405362553,2.17067440313501,-2.34637353824453,0.134308098355164,-0.733756949669294
"2\1\1967",0.760755594816974,0.927806024692693,0.296845767084284,0.540516631407508,-0.770390766405896,-0.858139578106037,-1.27269528319484,-1.5403001499002,-0.406112917661649,-0.752257316604661,0.0330413466975088,0.428647460029439,0.94021988289669,0.0962985296045217,-0.416883162223386,-0.823933813687335,1.72811985496945,-1.62262172259339,0.0514480308883263,1.24565439543459
"5\1\1967",0.429031697666921,1.1726346044634,-0.0781271406950572,-0.11041521410871,-0.866609901950751,0.483499955379605,0.774629983474453,0.649288794392745,-0.848359348513822,0.832549042951834,-0.710770237796051,0.00491442947804453,0.489984979533069,-0.943582988247495,0.699190166685817,-0.732691837523646,1.32967883943677,-1.06570371093104,0.0422287911318259,0.679426410498815
"8\1\1967",0.877847708332192,0.479592224874033,0.0175943299770011,0.530024449248419,-0.107166010686003,0.871690074205403,0.872024640730608,1.31170595055753,-0.684688450921601,0.509777323427354,0.26381320305334,-0.101018828159804,1.25975093569123,-0.012911502399151,-0.534976600599609,-0.0398403768538068,1.14793020257154,-0.388185276339716,0.0571848654633123,0.29869410262364
"11\1\1967",-0.601868236483793,-0.900820304659633,0.0201469025282537,0.225048980201748,0.281146929191446,0.810396897548696,0.184430062208561,-0.185873630899785,-0.518972704831506,-0.436266224368861,0.539342487274785,0.322714202391591,0.389682297517719,-0.0566619686548155,-0.396663231198088,1.19843679818,1.44542998415661,-0.224055559952721,0.463992752231779,-0.146210979582646
"2\1\1968",-0.337483912460558,-0.605407376668955,-0.369886183303491,-0.854046860050325,0.624786698994499,-0.0681386345307348,-0.258977469819456,0.596641487450437,0.065568223816906,0.295239619104792,0.310002510875586,-0.524751858711199,2.00382175160844,1.46737881244376,2.23574841326062,0.42363336029099,1.45108481106021,-0.191888889726879,0.597245980787077,-0.882575334260994
"5\1\1968",0.43126498082324,-0.0999126810134731,-0.0788929124604351,-0.291726208162585,1.22271989845181,0.272379013562067,-0.0355149134496089,-0.152290376890313,-0.628508028919005,0.186108302692477,0.679670626761319,-0.524751858711199,0.892796996911372,1.04658913450174,0.994893907576884,0.374073531569475,1.44128997434293,-0.190783508647298,0.0316233365558552,0.950812389669498
"8\1\1968",0.25814126729249,0.446072517872125,0.609025390102758,0.838427475720279,-0.0453108521214545,-0.578915106669939,0.820879352184383,0.0452366899709727,-0.511757093448263,-0.12360868072044,0.658652470412983,-0.101018828159805,-0.0841745595024787,-0.146297071535635,1.49806556624476,0.0155727493601819,1.3083096235956,0.0211257101118711,-0.00108724498235523,-0.016497414646448
"11\1\1968",0.224575529275591,0.565979016411654,-0.205755768257803,-0.199672930655366,-0.0350016590273622,0.63332772054044,-0.264959832732288,0.247395615306141,0.638320527057696,-0.221848751542112,0.950001047708534,-0.418818601073351,1.23565613203227,-0.450948023504351,-0.632752513589213,0.480476677135962,1.4032430635507,0.211935293003752,0.0202275069327237,0.588965586078693
"2\1\1969",-0.371397549358239,-0.918173345034476,-0.278759343223693,-0.487797194268446,0.662587073672835,0.830827956434264,-0.0477537235269153,-0.456028873623029,1.06519021268612,-0.11753353050697,0.931737578764002,0.00491442947804453,1.22957630118254,0.905333630320719,0.377631604043321,0.746310804281265,1.53028180163468,0.496228083650437,0.110459799838683,-1.02254699170429
"5\1\1969",-1.07273856745672,-1.25476461813576,-0.10569492424861,0.055535831417538,1.806907507117,0.360913602066197,0.775299579599345,0.944658950873673,0.864926518948745,0.977944107060126,0.899450280985704,0.110847687115893,0.756959989546636,-0.612354465250846,-0.350556719288101,-0.198213373207671,1.36611533788584,0.0966911903406142,0.117172102123001,-0.0637418790167891
"8\1\1969",-0.379498678095305,-0.37243638416911,0.369338827539923,-0.107423813437998,0.669459869068896,1.02832819232809,-0.472919572314435,-0.125581691098256,0.45753757588729,-0.426094373650028,0.544494271893402,0.428647460029441,1.17358660556942,-0.215723895868209,-0.609184009954691,0.281680045463025,1.3490184945167,-0.341207456233193,0.241727112068414,-1.47086830459016
"11\1\1969",0.395655883283662,0.345071317159747,0.280509302756255,0.982549175612701,-0.0521836475175148,0.898931486052826,0.343737308554637,-0.268182653220658,0.0540022866489712,0.361882484726621,-0.301637502929053,0.00491442947804453,0.649514954053114,-1.51472599265178,-0.122215229709497,-0.872251473267274,0.982190093884642,-0.691100468248552,-0.224951332529822,-0.269849362025481
"2\1\1970",0.280383075708647,-0.749821324958443,-0.154193802722455,-0.957453052385194,-0.385514224226475,0.142982307286803,0.130869873831302,-0.00696818436398596,0.291782756495565,-0.607050706607188,-0.595903786813909,1.91171306695932,0.203268175771348,-1.1483340062094,-0.397169805256972,-2.0273194625537,0.247077303378762,-0.979042333230169,-0.0115702848676586,-1.36152197039564
"5\1\1970",-0.340053289246366,0.467050629736158,-0.049538328121002,0.0215513901806912,-0.722281198633469,0.708241603120853,-0.456503459594266,-0.245749801798421,-0.524549194625097,-0.783002850084044,-1.62020312197637,1.91171306695932,0.886254268001014,-0.727546401379223,-0.601027914194338,-0.823357832903276,-0.0604379193541634,-0.688649149525014,-0.0855675049610619,-2.22727369107764
"8\1\1970",0.623069497459381,2.4009726878039,0.0719641253187275,0.462101003982713,-1.2205588648479,-0.517621930013234,-0.821721221869323,-0.380125829720204,-0.750484042433974,0.367948776077584,-1.44713394510959,1.27611352113223,1.06955396245781,0.0990601107817118,0.00821097631651278,-0.701144059779488,-0.348267873399269,-0.0999082697569014,-0.287669586743265,-0.358670748373813
"11\1\1970",0.514113064278211,0.644931220236268,0.456636808792843,0.0158580227316608,-1.17932209247153,-1.23951934396998,0.908117908657236,1.00677835640674,-1.07701582296244,0.550603641348971,-2.28320443960014,2.12357958223502,-0.596547292366057,-2.2286235675585,-1.72503462822823,-1.85817655007771,-0.951606284044941,0.577030551592682,0.00552553277255976,1.25637894986379
"2\1\1971",-0.129565737210206,0.78489896352538,-0.312198043645132,0.0685751972230207,-1.77038249653278,-1.70943369833805,-1.36673639319684,-1.14755295435068,-0.335612509134965,-0.210692038781238,-0.212197030496798,0.322714202391593,2.8883198356963,2.29387441101397,1.56263526938881,0.735420183575689,-0.698359751232119,0.904123518270564,-0.101843229123598,1.61526346799027
"5\1\1971",0.483733055050539,0.955870204576212,-0.044943697528746,-0.114402622828882,0.721005834539354,0.469879249455892,0.155739233179031,0.575878299967003,-0.215467053529267,0.164492498676195,-0.089786308551666,-0.101018828159804,1.11520517991475,-0.283213425665602,0.0802444269306166,0.0970799366773396,-0.668747283168669,1.39138409931518,-0.0272903869676987,0.625960161079674
"8\1\1971",-0.41174609549551,-1.30584766354839,-0.215966058462821,0.276448650135981,0.930626094119216,0.483499955379607,0.150975419984144,-0.469925598446075,-0.380164806215592,-0.758357959174707,-0.261679774094041,0.428647460029439,0.814964922192969,-0.0131216077853566,-0.10676357690619,-0.278953771095819,-0.722868903468398,1.56424367613655,-0.409120008639969,-0.802216975966431
"11\1\1971",-0.852698369334087,-0.404059315659656,0.393843524031971,-0.768615442704008,-0.753208777915743,-1.21227793212255,-0.582200980982697,-1.15190394230943,-0.459766664655291,0.352744213697832,0.104279100517423,-0.312885343435501,0.799616227314508,-0.61187791736595,1.1890566563495,0.977192991966635,-0.339620179720944,1.80624466771633,-0.869565595980904,-0.654643850474273
"2\1\1972",1.11100144048879,0.452839018159357,0.0252520476307658,0.441876933178152,-1.2549228418282,0.292810072447636,0.154717197874968,1.38823789373427,1.12800723060102,0.164185506186867,1.08858734496461,-0.524751858711201,2.44464570653095,1.13889669417239,0.679396596332176,2.14535973754288,0.231943839441694,2.2346142146812,-1.48450964109078,1.28689481266434
"5\1\1972",-0.342993610708531,-0.74934022289621,-0.0648537634285341,0.4189132085123,0.775988197707842,0.224706542829076,-0.387911224719851,-1.46865767589351,1.0638791007242,-0.110202394722797,1.11745026526147,-0.206952085797652,1.42258482066313,1.81910093365206,1.51422487041603,0.735866230215493,0.46624045166859,1.89243060670015,-0.261304392751636,0.255895624865216
"8\1\1972",0.48980240020516,1.27447144126088,-0.288459118918461,-0.413206224893498,0.446094018696912,0.299620425409492,0.333405247161158,0.884909592263004,0.510816479997383,0.5170073445447,0.409904258390046,-0.418818601073352,0.623516126453536,0.173993754652555,0.990473263272942,0.352512444245498,0.588043511267054,2.16524239528047,0.149446204819025,-0.0915072000809006
"11\1\1972",0.386220229581549,-0.0586422195224591,0.191679777972585,0.63764011841087,0.408293644018576,0.170223719134228,0.501594328996464,-0.189347760699263,1.06832014545946,-0.469588124777794,1.43208283997474,-0.630685116349049,1.84798803385891,0.975988357514553,2.16151285431397,1.66003191782648,1.09409536803155,2.27058938591953,0.316401179527576,0.385244668929683
"2\1\1973",-0.475070159060797,-1.41333967674783,-0.411237858633823,-0.284887723013326,1.42890376033364,0.469879249455892,1.18165051438996,1.20030982088056,2.63769519853655,2.49427430085291,1.72146629760615,-1.37221791981399,0.669096475166058,2.02379093007785,1.38837863324071,1.32633184847346,1.52282537188143,2.17879088547595,-1.28069221347337,-0.0846479683154328
"5\1\1973",-0.874904118189962,-1.10157028198035,0.0888111041570126,-0.889894930747756,1.3120662386006,0.415396425761045,1.12623816933489,2.16719188850231,2.82898276729139,0.220074158315208,0.748171937739285,0.00491442947804453,-1.28305279101375,0.413025653762188,-1.37645024716397,0.0167285117910337,1.49673522122607,1.66686936642424,-1.58031368838316,-1.4434298291004
"8\1\1973",-0.024331888085132,-0.363153221504639,0.229968366241407,0.397979472938498,2.82064482803601,0.817207250510553,-0.275149002701646,-0.363120109389567,4.29072661976664,-0.287324692522718,0.232241663274635,-0.418818601073352,-0.482708793419044,-1.58296416895686,-0.762450944814572,0.0901296180059515,1.44997443542635,1.38102049734567,-0.969989876198279,-0.607567134306746
"11\1\1973",0.129631993355456,-0.173499904719934,0.631743285808928,0.0231979009044316,-0.588261688410279,-0.926243107724598,1.20762941169508,0.717661630238315,-0.0902429905783233,-1.52748185555977,0.746180513268878,-0.101018828159804,-1.16316055518424,0.175944797545257,-1.7438121033444,0.459821348827666,1.61678815234202,0.391570737408983,1.12327592091242,-0.754522267288139
"2\1\1974",0.412597541740964,0.843602428533248,-0.247362700843259,0.102837373678821,-0.701662812445284,0.61289666165487,0.958281907649654,2.74227863475934,3.10738250801045,3.63964610428201,-0.102495013975021,1.17018026349438,-3.75974059994238,-1.98251564840624,-2.59695336674566,-1.0521639404009,1.27971928939379,0.223106915264586,1.57884076434186,-1.49484646386599
"5\1\1974",-0.753868171845374,-0.966390359353529,-1.08690381295099,0.0346824104339264,1.97872739201853,1.00108678048066,-0.662813431026796,-0.548959886966033,-0.58284958778869,-2.08410317505235,-0.279579138807421,0.216780944753744,-0.94432595383862,-0.607021564740822,-0.69708635587388,-0.41109972189266,1.09853687056702,0.0031098828786655,-1.39435358324535,-1.02851823727625
"8\1\1974",-0.0587180037594535,-0.206406799043271,0.210824072106994,-0.295986121794019,0.858461742460575,0.858069368281688,0.282772500499443,-0.363764385148143,0.4736403287275,1.85859440404693,-0.852488627095703,1.38204677877008,0.455473396157932,-2.10477945916821,-0.627983098466827,-0.741719419675755,0.877888319111362,-1.11229974960596,1.06949172145158,-3.32500572744943
"11\1\1974",0.355324348015189,0.698495577299878,2.2217407279856,-0.0553202714445634,-2.83566578292225,-0.599346165555507,0.545161266677166,-0.469761813716428,-1.80321782561739,-0.250961024130029,-2.42789704384681,3.07697890097566,0.0138096308859824,-1.41634577618335,-3.47942087514416,-2.99649863530006,-0.0529814896009129,-1.89011556827469,-0.0107851081300091,-1.87046214683044
"2\1\1975",-0.629578478576239,0.571797760962796,-0.861511656675183,-0.308278004785467,-3.14494157574499,-0.26563887042456,-2.05453260395717,-1.98027509677962,-2.97809197835975,-3.86944398424142,-4.5496012194057,5.30157731137049,0.0578348386172785,-2.37874807480574,-0.0195591331148613,-4.79458509906106,-1.59633743934648,-2.11861950309024,-1.12547825574923,1.81281232006136
"5\1\1975",0.966734924611635,2.62781818272886,-0.47581794418057,0.643708471966027,-0.918155867421209,1.0419488982518,-2.07111837291786,-1.88403341455287,-1.27819649474394,0.431199110340388,-2.19190434603101,1.91171306695933,-0.146204219291502,-0.0851757706549865,1.1310140973453,-1.33370083245173,-1.97226209599902,-1.67194227351732,0.294610110260327,1.8963532790216
"8\1\1975",0.389432052507267,-0.029810747829245,-0.17997478549013,-0.0180278551183931,0.75536981151966,0.503931014265173,1.75202891213987,1.87081269027131,0.672050874413243,1.04908249194414,0.452535046927484,-1.26628466217614,-0.880558267473802,1.04054731472632,0.820511717771976,1.08920812012661,-1.55223126019461,-0.925980395155778,1.72882210962896,-0.598675477085401
"11\1\1975",-1.28008176802795,-1.83452352438376,0.173045998348424,-0.284367171515223,-0.777263561801957,-0.476759812242097,-0.371239049871581,-0.578331393639098,-1.35689682743181,-0.636234362597592,0.87210069034575,-0.524751858711198,-0.950935914894867,0.595364609893143,0.256876407065391,0.890584738118969,-1.2341123178323,-0.584403109470585,0.55008448105832,-0.0393314199881047
"2\1\1976",0.852403794002412,1.143444908398,-0.0975266920845963,-0.0600850643793078,-0.612316472296492,-0.633397930364789,-1.55388907294976,-1.83523356303977,-0.467857815783867,-2.09028766458005,1.79249776830001,-1.79595095036539,1.58925264036154,1.68895227460679,1.66257828335164,1.45031058088012,-0.784446953521377,-0.2363130087871,0.173607975173518,1.59297056162196
"5\1\1976",0.264650662570704,-0.260048975730978,0.0270388484166461,0.178785321741984,0.373929667038272,0.040827012858961,-0.572557140154046,-0.766402086452718,1.09680144472864,0.795213750180006,0.607494475770759,-0.524751858711201,1.36963397371409,-0.0680218061759881,0.0333413922428147,0.321004916739522,-0.616449326161649,-0.210719203884554,0.604544106181568,0.0945763319056781
"8\1\1976",-0.741283509748414,-0.516665150135241,0.0329097652845277,-0.00287464569182881,0.0818358627056748,-0.0885696934163044,1.53922331775527,2.03908136617665,0.195219685484204,0.104370995686385,0.151935849214937,0.53458071766729,1.20056877260219,-0.383645755344912,0.264229461359347,0.314467601787851,-0.487344259911331,0.13403486956814,-0.100774475372027,0.0883278917447927
"11\1\1976",0.832985377034608,1.44048116923772,0.191424520717456,0.384391519182894,-0.430187394300874,-1.10331228473285,-0.326584354743905,0.11815653184864,-1.61522380241241,0.889775145208076,0.2602987013337,0.110847687115893,0.0479892806598301,-0.104089983414841,0.664940020575093,0.658154358874275,-0.340443769595069,0.533470174057825,0.2732520743324,-0.648783965371418
"2\1\1977",0.661454053453855,-0.330885149242147,-0.153938545467325,-0.374748435549814,-0.227439930117072,0.333672190218772,0.825386406494407,0.611625842845656,1.40120151554504,0.373449609280408,1.3136903133387,-0.842551631624746,0.415878845046771,0.473544784988606,0.471288148587092,0.836511052831177,-0.019221658242755,0.951461149616993,0.141599680835056,-0.492149207731413
"5\1\1977",-0.46653545782432,-1.05323266048916,-0.0280967186904651,0.0575128650898047,0.50451277956343,0.0340166598971057,-0.211105716085649,-0.178307345816198,0.0432445880285637,-0.113720730512147,1.69625519265331,-1.16035140453829,0.188112085114881,1.3559109210982,-0.487041604510078,1.41841000691177,0.449474514945303,1.14217462183991,-0.110405275852086,-0.827367576451371
"8\1\1977",-0.406813690117359,-0.584973397535574,-0.128157562699652,0.372369608233463,0.676332664464958,-0.0272765167595994,-0.813524932317889,-0.65565390493548,-1.99261530344952,-0.681427776925014,1.27676891467746,-0.736618373986898,0.190304197974061,1.15486747972452,0.125745065028461,0.256292990814166,0.527568483366922,1.36423214489666,-0.123976089871012,-0.54111969135649
"11\1\1977",0.410050556738567,-0.348932266327829,0.059711777072704,-0.366488904691976,0.707260243747231,0.490310308341462,0.185431089255394,-0.24154855244059,0.302428954585709,0.534202525362157,1.19266413870268,-0.736618373986898,0.499578476931857,-0.962395222243454,0.941487243333459,-0.060129487229881,0.537047120400394,1.5210242952727,-0.763671430072936,-1.00469384272123
"2\1\1978",0.170263729990057,-0.305432939316695,0.782600323588092,0.455228398388225,0.243346554513111,0.844448662357976,0.532250131193939,0.760221159687065,1.27335099054828,-0.158362175248611,0.916030264290837,-1.05441814690045,0.247513868016455,-0.568860830228734,-0.448242285088346,-0.680799552655091,0.382131335773442,0.912045434549891,-1.12431867560974,-1.12372825734435
"5\1\1978",0.402349020963903,-3.90525020650622e-05,-0.885505838656981,-0.238033943999145,0.535440358845705,0.63332772054044,1.20076725451703,1.14492738598555,0.398824555210357,0.935524751193636,2.49565001402823,-1.05441814690044,0.800719232029382,3.63359212622388,1.87272265435654,1.98315283054858,0.81277324468825,1.61012469141597,-0.277676721993453,0.955117065232229
"8\1\1978",-0.814544397592879,-0.00478350629910205,0.347897218109386,0.17110303294992,0.834406958574361,0.347292896142484,0.101661330174043,-0.979908020417409,0.426282391054467,-0.450893454787338,1.19344609237984,0.110847687115893,0.671452351411677,0.21272648056745,-0.64422913462335,0.128815768933623,0.847856702629828,1.38899447316047,-1.72354467779038,0.719853759903117
"11\1\1978",-0.138805441488639,0.00965655576055951,0.00329992368997003,-0.816551832383125,1.52168649818047,0.674189838311575,-0.0194203694266907,0.395059457736612,1.15062544899495,-0.0611998707220057,1.25443466130571,-0.41881860107335,0.607812684595132,0.601007128982417,-0.0837382983960681,0.658362574727281,1.06795374300906,1.43735250832455,-0.482177746110177,-0.987461971685068
"2\1\1979",-0.182990554302862,-0.607393940094601,-0.385967390376397,-0.475451603286881,0.49763998416737,0.585655249807443,0.410829841792692,-0.0714903354442612,1.20503866340094,1.20529928992659,0.838306858069745,-0.101018828159804,-0.0625165136976413,-0.719348629525158,-0.51389507004317,-0.213330235162165,0.980153179642385,0.459662405261193,0.496745414975152,0.148299591167564
"5\1\1979",1.46419877094431,1.36520336897261,0.0928952202390194,0.780520723965228,0.102454248893858,0.0135856010115397,1.42642898288206,2.56751938381868,0.448610149262177,-0.805282393283111,0.558080155288046,-0.524751858711201,-1.81343573670989,-0.837255331554513,-1.35495898793026,-0.562628057860997,0.789293579794632,0.954949241160237,0.673184324319171,0.00313285232581629
"8\1\1979",-0.620432422328487,-0.00727402198220152,0.672584446629005,0.547208333083351,0.782860993103905,-0.0204661637977422,0.0772746522495754,-0.782167721119682,-0.0908284483030207,0.400588387781999,-0.0362421919414621,0.53458071766729,-1.39223628995614,-0.0991157487877702,0.181008301281761,-0.703203567296218,0.608081747043789,0.807133534381063,-0.584792504783436,0.45744715634655
"11\1\1979",-1.57782742185842,-1.32373594908435,-0.483220404579208,0.186441431397954,2.70380730630297,2.74453713871582,-0.134391867775887,-0.179884145295507,-0.18997084511575,1.01064503864137,-0.12513089313469,0.32271420239159,-1.5488461391932,-0.603030883531161,-0.866495113547036,-0.232090192070393,0.483763796936829,0.166988419126422,0.758121862587699,-0.278858280616995
"2\1\1980",1.20317884033038,0.397547705310538,0.167685595990786,-0.5267120227061,1.50794090738835,3.14634796346532,1.67426290444307,1.75358888310326,-0.0993746131884735,0.103755034236495,-0.273409303141662,1.06424700585653,-2.75811234904309,-0.572819250050815,-1.53562548604722,-0.213724212434932,0.402257813322401,-0.941450429113645,0.104845722707977,0.652639934396951
"5\1\1980",-2.5877170469405,-0.392849544747317,0.316755832984075,-0.579217329525424,-2.44048004764873,-3.08512499663297,-1.25072463274804,-1.74484019733967,-2.53128229414883,-1.41468715563954,-2.35831835099516,3.28884541625136,-0.352424451642494,-3.36766474265877,-4.68562904604315,-3.19779030384268,-0.633391746429388,-1.73088749086872,-0.0310162992668741,-0.704975934684284
"8\1\1980",4.35094185949074,2.30398709531364,0.38873837892946,1.03715794444996,-2.94563050925922,0.973845368633241,-3.28636387743934,-0.281779597117871,1.24528546028688,0.669773326171528,-1.4913716342709,1.06424700585654,0.324310613927724,-1.14848393396893,0.327407678540724,-1.50214911688193,-1.10842662025581,-0.406642837887917,-0.938206861549405,2.01523115782645
"11\1\1980",-1.0108711640092,-1.34563723307297,-0.824754611937115,0.461146202179489,6.19518736750199,3.00333055126635,2.01630748306518,0.453177245917666,0.198798599246863,-1.30407717877,0.73058254447766,-0.842551631624746,0.388318316213337,1.2295648475766,0.687749674781687,1.93675137658581,-0.4898885643439,-0.0299166316659794,0.935956091153717,1.10641345737638
"2\1\1981",-1.21869697218237,-0.621229893533617,0.54291376102526,-1.09949119846736,0.731315027633446,1.09643172194665,-0.0960083841642182,0.319628911206212,-1.98182593373146,0.582558580355541,0.180852396468806,0.110847687115893,-1.14258078812951,1.42959374492466,-0.657524353973796,-0.330829425873104,-0.606338289760545,-0.496470633600059,1.41825682378089,-0.58002575960934
"5\1\1981",1.29707619054681,1.49497181800544,-0.533250826583809,0.582979640424646,1.23990188694196,1.61401854704771,-1.50522966316515,-2.86175395532126,-0.896028364965808,-0.0843722728978531,0.00678729450569484,-0.101018828159804,0.44028902590957,-1.87973695028092,-1.26231963549614,-0.320017746002417,-0.638612717952868,-1.1973232614716,2.47032219998054,-0.205533554203106
"8\1\1981",-2.47853996958582,-1.40118969438668,0.475270588417004,-0.61282656131236,-0.21713073702298,2.24057101953847,1.51854078654403,-0.00845950421094232,-0.427552810394508,-1.84265543635761,-0.155169582226701,0.00491442947804453,0.836598327911859,0.476084816932935,-0.704571053539539,0.191979795607632,-0.761577627552334,-2.17997951830807,2.02098148553229,-1.29012741935979
"11\1\1981",1.02513956692583,1.21848231887947,0.202400582687854,-0.162310562275471,-4.12087852198566,-1.55279558021535,-2.55801871111204,-0.425132953263101,-1.90996578843282,0.208339632749411,-1.62858106569791,2.65324587042427,0.224190080114449,-2.43862243173995,-2.43617935874308,-1.88198687082593,-1.31313282486231,-2.65672663098819,-1.25460950459953,-0.885307028549023
"2\1\1982",1.25163720821512,-0.476821498499651,-0.942428206549964,0.362567661150335,0.652277880578744,0.422206778722898,-1.64652949876084,-0.807185469861355,-0.705760978504162,-0.176538226606838,-2.10557722924919,1.91171306695932,1.43677778439504,-2.91099069393908,-0.31269352566845,-1.74855670398134,-1.80702937750243,-2.62002191826376,1.40398866622079,-1.45799085352267
"5\1\1982",-1.41836694959689,-0.190298493641825,0.57788400497745,-0.60498515561969,0.288019724587508,-0.742363577754485,1.21822812575296,-0.973528151598753,-0.903987272249086,-0.548367505327942,-1.85203296740275,1.91171306695932,-0.36952638096841,-0.315504859797169,-0.767993761493729,-1.30949206968088,-1.99612414190563,-2.26076209793113,1.40363610639248,-0.290171438078508
"8\1\1982",0.0729997657461733,-0.470824485223893,0.388993636184585,0.354130413685003,-3.62260085577124,-1.66176122760505,0.630476025951825,1.87135753716105,-0.894943975948992,0.881926724139742,-2.14524382274318,1.48798003640793,-0.937299389949697,-1.39857529789955,-0.144582768460762,-1.45585631294831,-2.24167893357259,-1.46176736039666,1.62960863891106,-0.272643104088816
"11\1\1982",3.08441245786399,0.668875698881064,0.319563662790454,1.29513525900319,-1.78069168962687,-5.00564453187638,-3.18760881661113,-1.37430552798506,-1.33611284926791,-0.397941344346329,-2.16599614801255,2.44137935514857,-1.26941176528857,-0.844809559481692,1.40397735083279,-1.63180345075938,-2.61550784813472,-0.801464052349673,0.514884925932809,2.75180217214158
"2\1\1983",-1.14382574511378,4.72473216019103,-0.366823096241988,-0.502891109389653,-0.66042604006892,-0.211156046729709,-0.549650097803857,-0.82506634403073,0.564876781792022,-1.41970440021104,-0.48396883000876,-0.948484889262598,0.128172014012515,0.50357082355815,0.167000665603869,0.27698356622534,-2.30591159027342,0.356174515897791,-0.884512335269793,1.09372024847433
"5\1\1983",0.193189869325059,-4.29561895499361,0.0888111041570153,0.836203839391374,0.147127418968258,-0.0408972226833136,2.41186633739589,0.160922862589986,0.967730994833135,0.76336201730021,0.747886784389476,-0.736618373986901,-1.53870648536102,1.69500210648057,1.65916372209001,0.921119843668314,-1.88260845541556,0.444183068801541,0.912344796745833,1.33055856650448
"8\1\1983",-0.888237393477965,-1.48031596790727,-0.36733361075224,-1.15278589369622,0.669459869068894,2.21332960769105,-0.416618806045906,1.21886616139485,0.981483106729602,0.206487126709052,1.24703931681874,-2.43155049619248,-1.39312902834234,1.36766625701137,1.34545562576878,1.65887096958869,-1.3346638172859,0.838490048599544,1.27493343476054,0.0709229274737928
"11\1\1983",-0.565146805696346,0.376733464708642,0.446937033098075,-0.501940904914478,-0.0384380567253924,0.122551248401232,0.0388296860186579,-2.00955069404817,0.440306505346468,-0.308346351316371,2.06171574229753,-2.64341701146818,0.460079336828328,1.45243812134009,1.05248007584417,1.14725287297687,-0.878475915311136,0.640712491958411,0.187827290119875,-0.291444173434186
"2\1\1984",-0.0338821223408175,0.508059689511793,-0.198863822369417,0.358211636932865,0.257092145305234,0.524362073150744,0.913672385691834,1.20921004389128,0.872991946604764,1.04048330860599,1.79142660178586,-2.11375072327893,-0.426330608823146,1.34754333801119,-0.00959348186931686,1.37032720624108,-0.427376622201507,1.19554513342393,0.352547935170048,-0.822378165519763
"5\1\1984",0.0756764691467569,-0.00488522305428633,-1.45677157562782,-0.0940090271706982,0.889389321742849,2.56746796170756,-1.06695801728848,-0.309673321977078,0.394493704790656,-0.889988981003888,1.25872688504014,-1.37221791981399,-0.822797116264436,1.07314220661939,0.83898264889819,0.494846048362472,-0.261680634400725,0.894423485574599,0.485205951541744,-0.667169838603816
"8\1\1984",-1.01567118726592,-1.25967616368064,-2.16459994409081,-0.0831679477500229,0.851588947064515,-0.681070401097781,-0.17693828582338,-0.628513610205138,-1.36659775098743,-0.446034272614939,0.934011485293983,0.00491442947804453,-0.0839480057940215,0.196889560048958,-0.142842569490367,-0.0436126951236738,-0.234222736275833,0.477979871128004,2.13298230893532,0.215948995233579
"11\1\1984",0.30952470963332,1.36285724525443,5.67562664708859,0.508536349019279,-2.19649581108857,-2.29512405305766,-0.0308767301817767,-0.466322135237819,-0.917086641461541,-0.0487788710049976,0.83278201526255,-0.418818601073352,0.0552026012016458,0.0203044376297525,0.669424729132909,-0.404066965810677,-0.26264394041421,0.356174515897791,1.0506257944374,-0.0170547317553923
"2\1\1985",1.72269853040296,1.18782610741016,0.82829137225555,0.414680938954369,-0.821936731876355,-0.326932047081265,0.110146093883795,1.38778429347864,-1.37892184107694,0.203106151954049,0.436464923321358,-0.206952085797652,-0.0485814685531803,0.141505088763374,1.20469587641526,-0.317444716154237,-0.418883351624583,0.59866419760179,2.05511112859506,0.823766852436459
"5\1\1985",-0.310228970977,-1.85403229866723,-2.30141783283807,-0.0175656627527082,-0.577952495316187,-1.57322663910093,-0.0327679192190103,-1.00506561357464,-0.527042834406789,0.452224009027084,0.420392931988292,0.216780944753742,-0.518289870971631,0.0579203271762522,0.060996056753897,-0.403592422972096,-0.530619495708055,0.630467797115288,-1.06749725937044,0.279845919751453
"8\1\1985",1.1815326693425,0.51865227611198,0.354278649487522,0.503794731441852,-0.0315652613293312,-0.97391557845759,-0.65511299285561,-0.36651884571605,-1.69974132487742,-1.08728565948039,0.0508294425415406,-0.312885343435501,-0.498751288553986,0.890134543312278,1.52391420688854,-0.581810410641822,-0.656518444234099,0.560977912347272,-1.84746419549495,0.0599496970222842
"11\1\1985",-0.688296692383086,-0.973343181671696,-0.228728921219099,0.00844097305511149,0.202109782136744,-1.17822616731327,0.870590555739966,0.428046664598864,-0.469671059123554,1.59328589116456,0.29005340709931,-0.524751858711201,-0.728048032294634,-0.0435255293375602,-0.958316534526643,-0.094496638963178,-0.656937592652179,0.899716828963369,-2.45201023252646,0.489891629616916
"2\1\1986",-0.709536258171849,0.00903321529091361,0.222055391332518,-0.733759229546671,-0.292731486379652,-2.45857252414221,-1.12606177134654,-0.220503856395981,-0.893895039698754,-2.65282128679479,-0.116571355039502,0.00491442947804453,-1.20199417538166,0.178665480914316,-0.0497748741103729,-0.108942119557012,-0.532428452038726,1.09159805222219,-1.92329553311004,1.42403252177728
"5\1\1986",1.82147138215591,1.75861612243062,0.0415885119587962,0.723703993981996,-0.942210651307423,-1.94779605200301,-2.27143223741676,-2.07087630043034,-1.34353387820044,-0.10395500917933,-0.190429342083088,0.428647460029441,0.200089366457669,-0.48040712932117,0.285169617486406,-0.856544126899651,-0.587130997338955,1.03877279753857,-1.60943115069349,1.38087004492984
"8\1\1986",0.348822746003917,-0.200020732994856,0.38363323382695,0.376756201122934,-0.742899584821652,-0.606156518517364,2.44718950881947,2.14597113861766,-0.291786959143115,1.39683894221481,0.0773906906209968,-0.630685116349049,-1.27037011269952,0.180277003217197,1.28421143778748,-0.223943317650507,-0.540090779260508,0.72189653294654,-1.43391549916843,-0.389916916721676
"11\1\1986",0.122006965944516,-0.429820489423237,0.379804375000073,0.263585337760718,0.0543446811214318,-0.0885696934163026,0.180618256230628,-0.134614868295881,1.06783686762325,1.04011810710552,0.157070943253093,-0.418818601073352,-0.53644747977285,-0.354038232487054,-0.345595715117615,0.254147356341961,-0.405154402562137,0.593029979301043,-0.002465531951131,-0.0294244259209499
"2\1\1987",-1.11899624267253,-0.987558752877797,-0.401027568428802,-0.786969267861994,-0.0556200452155459,-0.143052517111152,1.11459660720039,1.27644676347363,0.0220340084808328,-0.0564747263797637,0.307153414607752,-0.736618373986898,-2.16459220659798,-0.172111925104597,-1.23187610746716,0.380595809280427,-0.257320020156464,0.72920963504695,-2.06712487719926,2.30487211498655
"5\1\1987",-1.6312721723796,-1.08499021337482,-1.22550850248413,-0.926766856062443,0.435784825602821,2.34953666692817,-0.178303822966483,-0.845432120258744,1.48521240177997,0.0867314002188661,0.628941169131599,-1.05441814690044,-1.16950959001295,0.346904585297754,0.741238593637418,0.597439671647032,-0.101065901984055,0.301590700815255,-1.10441909537524,0.936505029678408
"8\1\1987",-1.74829676866086,-0.354946299478374,-0.349210345638324,-0.933188032847635,0.191800589042652,1.08962136898479,-0.173164021439514,0.482950065679038,0.820158629104703,-0.303706414305572,0.541562934255225,-0.842551631624746,-1.49745896420371,0.121463998948923,0.378967462942607,0.635111439996658,0.0780207747523,0.340359153927251,0.557219667491374,1.25309933757935
"11\1\1987",1.04575464301806,0.791681626730673,0.384654262847448,0.61908800564504,0.0680902719135533,0.503931014265173,-0.298063849298092,-0.545542152787635,-0.111618599228948,-0.721189344075427,0.762775919054602,-0.524751858711201,-0.573275282171934,1.10294179347952,-0.930777643563976,1.06206185161902,0.47630001370256,0.0295805341926067,-1.99986007082669,-4.30266722370663
"2\1\1988",-0.390105999219773,0.936333187275179,-0.338744798178175,-0.1792437893685,-0.268676702493439,-1.44382993282566,-0.354739734480437,0.0425081905363006,0.199254749588238,0.5156411809853,0.480424187234468,-0.41881860107335,-1.00533239188385,-0.371886888518112,1.18126613401926,0.0800371734649218,0.529495095393897,-0.292424387794753,-1.10029561009629,-0.0646340626501821
"5\1\1988",1.2419423315778,0.266513138479215,-0.717546564784415,0.492323838802199,0.5010763818654,1.00789713344252,0.800489305446231,0.733606403101861,0.765035815502925,0.299138937294567,0.670720218256475,-0.736618373986898,-0.603944099576024,0.548479768971065,-0.226652396624422,0.0841977043998593,0.695374920220156,-0.0761049885649647,-0.273588338157289,0.137389511342339
"8\1\1988",-0.591706540238312,-1.47750704616261,1.11826361407811,-0.0785217265489188,0.844716151668454,0.38815501391362,0.145482972168118,0.257655533385911,0.516625165480534,0.705741440469507,0.449917578051517,0.00491442947804453,-1.30639132558191,-0.319873642100823,-0.0499401024106224,-0.144221761380548,0.725847745562831,-0.0977394777802173,2.1137566521203,-0.190585324497854
"11\1\1988",-1.10893633161701,-0.121304296757324,0.564100113200668,-0.400060788879394,0.49420358646934,-0.292880282271984,-0.295175324432901,-0.687263227632955,-0.461985782667115,-0.680694488946288,0.510810384239197,-0.418818601073352,-0.501964911907821,0.605317505266871,0.453903642438466,-0.0156143739816784,0.878381002339635,0.116436353584991,-1.51970279107064,0.220909405952423
"2\1\1989",-0.407609178867425,-0.500398771927429,-0.39796448136729,-0.264466538274436,0.995917650381796,0.51074136722703,0.082520037154649,0.635840287320914,0.585868934357343,1.293084099343,0.539714820938513,-0.41881860107335,-1.25270067944503,0.247356802359378,-0.739540388488877,-0.226946233192427,0.880542925759213,-0.0804241355761342,0.793440090280225,0.695799474130819
"5\1\1989",-1.03878061253436,0.210040081258257,-1.090987929033,-0.553820089272122,0.284583326889477,-0.885380989953462,1.04852589005842,0.347850353252344,-0.392865338471222,-0.284988474030055,-0.00334210469237362,0.110847687115893,-1.80419035039665,-0.175250353540529,-0.591459681537921,-0.743628617727895,0.624428535348992,-0.534299063043483,1.63638806136128,0.866070668977766
"8\1\1989",1.64914442644329,1.88259921072547,1.87305931748418,0.970634805897476,-0.67073523316301,-1.36210569728339,-1.86368302475399,-2.08039406438389,-0.647549638745405,-1.90435424915126,-0.485474784796779,0.00491442947804453,0.0768745326823712,-0.107206581310637,0.124393150580567,-0.854836661596799,0.366380179430774,-0.568839061749396,0.203554589247104,1.0987173623713
"11\1\1989",0.870738455295385,0.055145291023533,-0.191971876481032,0.506456682021839,-0.492042552865424,-0.408656282623536,0.507466360485329,0.577816692377231,-0.970873493777768,1.16466116699926,-0.015478575515903,0.428647460029441,-0.321144630651689,-0.650171975330932,-0.612101343729178,-0.188104596300002,0.265828679977176,-0.600017507564481,-0.75476894485304,-0.169974176745384
"2\1\1990",-0.0894423981194149,-0.804425449104955,-1.19079351578706,-0.30037588911727,-0.382077826528446,1.05556960417552,1.54511594397805,2.00812274390554,-0.77732595691227,1.3182294645168,0.260961386703833,-0.206952085797655,-0.507120521226183,0.411441778593583,-0.0824312162050686,0.00525189899152485,0.343099058524669,-0.291295743696799,-0.660740704527073,-0.5493385923256
"5\1\1990",-0.158406845093239,-0.91794292704535,0.494414882551415,-0.337456497762203,-0.0143832728391804,0.517551720188883,-1.63406457547429,-1.26068572145262,0.886028381538369,-2.64952697525298,-0.684347232952561,0.110847687115896,-0.980399385398156,-0.647810433615274,-0.798709078058817,-0.0305037648279812,0.343143179410782,-1.07365972338559,0.130230303322885,0.542734189095078
"8\1\1990",0.0871031550147344,0.37146730405279,0.391801465990963,0.0417880932061651,-0.0934204198938803,0.0544477187826752,1.61854530043016,0.540174725280657,-0.344881269083157,1.75734263165022,-1.02839462407248,1.17018026349438,-1.46479432599163,-0.942140535970451,-0.682064204633053,-0.27890729340087,0.259453211933714,-1.40457893706621,-1.82060139045095,-0.753096502738938
"11\1\1990",-0.255178682155604,-0.479750648794677,0.161048907357531,0.209888964356682,-0.437060189696935,-0.626587577402932,-0.0788737142870197,0.110797160208149,-1.14222220089841,1.00848331925037,-1.48676433073292,1.38204677877008,-1.62206920813296,-1.85017911899984,-2.37649935465976,-1.4651711244807,-0.150054792532532,-1.80135073445739,-1.65747928087748,-1.36929137721139
"2\1\1991",0.486134449821978,0.723122038596979,0.0734956688494749,0.453968632817684,-1.36488756816518,-0.776415342563767,-2.11981116404135,-1.69796613371363,-0.888889725690369,-2.95385785290707,-1.71536175800933,1.48798003640793,-0.709190766861754,-1.5556903699669,-1.93722863097424,-1.69268319627503,-0.638524476180641,-2.54024082146676,0.591590221957812,1.65634183873225
"5\1\1991",0.762964486842549,-0.112221684615104,-0.388264705672524,-0.511511130784241,-0.588261688410278,0.231516895790931,-0.357173801758142,-0.62569330505886,-0.59846746400589,-0.197962654885485,-1.75261334916498,0.74644723294299,-0.263478803136088,-0.183785794903912,0.00795961404250625,-0.07170154688311,-0.629391452755059,-1.95021220493481,2.46346683424285,0.976202531303277
"8\1\1991",-0.0543358694299364,-1.20735805882521,0.232520938792664,0.582998203657176,-0.234312725513133,-0.388225223737967,0.361391314778969,0.464546854770546,-0.974382770852739,0.294373496183453,-0.927043239616845,0.110847687115893,-0.580328170634909,-0.378240316788859,-0.649159172956109,0.370388141571123,-0.404669072814883,-1.80289402670488,0.0841454397336187,0.0127252318373568
"11\1\1991",0.559473094882614,-0.0681500024106662,1.00186630574089,0.314327581709408,-0.85973710655469,-1.21227793212255,0.135843398477309,0.268771012956877,-0.309480243814773,0.94003556021117,-0.884230967539968,0.746447232942984,-1.05232261280662,-0.395633504459069,-1.42858373663703,-0.334228471946829,-0.406139769018682,-1.60036881797138,-1.60766094630511,-0.355362951304349
"2\1\1992",1.74765360251572,0.821413318378579,0.685347309385278,0.948685907576147,-0.825373129574384,-0.0885696934163026,-0.352624601072167,-0.0843197021477427,-0.576300859283592,-0.811672439197682,-0.917232976181662,0.852380490580838,-1.30051711393658,0.272195161330165,1.15722001636501,-0.55007182347749,-0.47510071401472,-0.960857960138569,0.354212588909098,0.874095277879858
"5\1\1992",-1.44373389241358,-1.21227184358128,-0.732862000091939,-0.754958770648302,-0.268676702493439,0.149792660248659,0.189728482477048,-0.434238770730599,0.581197702706832,0.597426790699903,-0.397728302013081,0.746447232942984,-0.404157832542851,0.187947397133926,-0.436696043566394,0.627843939645122,-0.24642216128633,-1.31725467579594,0.225261502757224,-0.425847515025862
"8\1\1992",-0.0659945824494125,0.090987358372412,-0.414045688440202,-0.373294951847251,-0.53671572293982,-1.55279558021536,-0.0272781986184153,0.16709288386744,-0.096141612403002,-0.16777470933967,-0.495941213261248,0.110847687115893,-1.03650492684391,0.207151781526052,0.189184738769976,-0.0160775959573435,-0.20288955365394,-1.18916094870976,-1.76758423371064,-0.125345105959435
"11\1\1992",1.47964018135618,0.913008913927847,1.58334233291675,1.16363325197084,-0.234312725513133,0.258758307638356,0.236236909898962,-0.219617393066177,-0.809968496306298,0.135870437591992,-0.0556750224885805,-0.842551631624743,-0.847715719044231,0.349218585708926,0.437465945996973,0.149514029912309,-0.203588134350741,-1.01037582577253,2.32881332083079,-0.0940740243886516
"2\1\1993",-2.29783082295196,-1.52006740216844,-1.51420445803106,-1.29964754014754,-0.00407407974508766,-0.946674166610166,-0.344416274383536,-0.366812160359794,-0.170508959444662,-0.166206620417051,0.276413441592149,-0.736618373986901,-0.0670390961280556,-0.806615371256077,-0.761385249969484,0.0817249854014567,-0.111073989650894,-1.25484924078515,1.26710439174682,0.177728618558116
"5\1\1993",0.934064877319012,1.09374355913044,0.182235259532939,0.147808436242984,-0.0487472498194847,-0.592535812593652,-0.0259092621057485,0.382587395404608,-0.486685411009403,0.253678778124909,0.184203742274895,-0.206952085797652,-0.276917825956812,-0.350875274583236,0.02694829737603,-0.32969952445956,-0.126531006752799,-0.864591377301379,-0.971451655568494,-0.253821338172508
"8\1\1993",0.193978299420247,0.0779968137305797,0.181469487767562,0.221855816609219,0.0543446811214313,-0.762794636640054,-0.593051910511248,-0.953834039338645,-0.0230544955814369,-1.80792825517851,0.278839062489389,-0.842551631624746,-0.116282086708102,-0.343073231542794,0.333482072821242,-0.139715392931182,-0.141326210562995,-0.740390112448231,0.85566824093267,-0.232674956856423
"11\1\1993",-0.421331394400829,0.171313930190025,0.3279871522096,-0.0363100128723639,-0.0796748291017592,-0.0204661637977422,0.801965315504191,0.561110633750765,0.532267805087772,1.00492319278256,0.52774506150431,-0.524751858711201,0.164132994286263,0.635142463779168,0.0344981851666653,0.452028828623918,0.0587178870774666,-0.264287159557233,0.591741903372484,0.358337076991889
"2\1\1994",-1.41301699297617,-0.430636361246845,-1.19232505931782,-0.883161842111645,0.222728168324927,0.939793603823961,-0.741652011411432,-0.420069211208663,0.843944114361394,0.587471969224677,0.554694544626108,-0.206952085797652,0.467984357910299,0.249553718483624,0.357895210079411,0.326970599841829,0.153746922285809,-0.410111502401485,0.288320600035033,0.172008179014619
"5\1\1994",-0.648079602042677,-0.0257230008546477,-0.785189737392655,-0.471386351619904,0.741624220727537,2.07712254845392,0.132249561404445,0.449039046697213,0.313222279127261,-0.433353107142706,0.903581716780971,-1.16035140453829,-0.491641774786438,0.586666557390407,-0.220070908824849,0.669916992728976,0.403846165222501,-0.154447228155624,-0.556739110424326,-1.01577273995404
"8\1\1994",0.0697465604675739,-0.368021177143357,0.132204837528341,0.145703125257511,0.556058745033888,0.51074136722703,0.783364667450449,1.05072479223701,0.644925776498515,0.552805003788317,0.847757370542488,-0.630685116349049,-0.812370172600622,-0.287703758243278,-0.225843393206612,0.30757190664169,0.476902999146118,-0.195206552679983,-1.2951146492715,0.175674061477695
"11\1\1994",-0.77717212234557,-0.11945243207515,0.00508672447584752,-0.271351263488082,0.69351465295511,1.02832819232809,-0.78058013574553,-1.38469302688647,0.984108475540023,-0.609140408144983,0.700326724819479,-1.16035140453829,0.22938652392634,0.432739347081705,0.195868579512577,0.760797429887708,0.70325049839149,-0.13692762103316,-0.233254685918335,-0.0732545169615825
"2\1\1995",-0.15659568507523,0.223405178397868,-0.021970544567445,-0.0339164268091268,0.655714278276774,-0.721932518868917,0.325405930490406,0.101374530243875,0.873369405019795,0.843380878667518,0.599724347390917,-0.524751858711198,-0.491708796902113,-0.621286302091101,-1.06004436355735,0.310039855815712,0.737988342725174,-0.648381103225131,-0.223755359641265,0.376254201363869
"5\1\1995",-0.00533858939060888,1.25560244614636,-0.525593108930044,-0.264273065892749,0.208982577532804,-1.76391652203289,0.170550869449224,0.205944363508235,0.173110439187839,-0.459439570258262,-0.0786988473400226,0.640513975305136,-0.112165306962888,-0.738753451994961,-0.0603496794948491,-0.289054812437157,0.5546734144029,-0.783935355916894,-1.99551855107234,1.21224447888236
"8\1\1995",0.0231656432236049,1.27048622753368,0.738696075706508,0.596077315399734,-0.237749123211163,-0.606156518517364,-0.712550572896846,-0.411298710523684,0.159737952196204,-0.336224275042726,0.0312377193147936,0.00491442947804735,0.50152489943971,0.0122193852869379,0.00556561517710478,0.127172547814172,0.475020508005258,-0.326407019110005,1.05137030809714,0.959460135900532
"11\1\1995",-0.892650018872798,-1.22998297304935,-0.545503174829827,-0.582547481464392,-0.0865476244978209,-0.878570636991605,0.0774458068181852,-0.0356774476752948,-0.0258824675760598,0.481654024527222,0.0615390652960362,-0.312885343435504,-0.171156873153011,-0.0859243595027857,-0.276083028368207,0.0507222079020087,0.414229280421307,-0.319591325160935,0.629357676704277,0.453191233969751
"2\1\1996",-0.0129122130538803,0.403749322915034,-0.0227363163328271,-0.12714442884402,-0.375205031132385,0.0340166598971057,0.751869779326382,0.620406783032461,-0.679194600126458,0.299941832954714,-0.011553948232168,-0.101018828159804,-0.176588912614571,-0.116406415283632,0.0203089877820178,-0.0163374849761127,0.235238198938199,-0.174233098798867,0.88632422342214,0.812965462667853
"5\1\1996",0.850050285894112,-0.0387733766849752,0.0563934327560708,0.259125505141521,-0.131220794572217,1.65488066481885,-0.079423134193258,0.0454569264543318,1.3587567192294,-0.107408985250614,0.460977976000384,-0.101018828159804,0.639066026307816,0.978099491246355,0.328767917246981,0.755852208917891,0.338069277507683,-0.0599425229783315,0.525816634357488,0.460620798732139
"8\1\1996",-1.25243597137983,-0.400050489704199,-1.01007137915821,-0.910368806094792,0.0577810788194619,0.122551248401236,-0.647477468916388,-0.763495239580223,0.563902509576172,-0.53103882357334,0.384386943242892,-0.736618373986898,0.546512984112377,0.0398205885271901,-0.343889151905877,0.355658558357313,0.383072581343869,-0.041690251228667,-0.0874104987874363,-0.330140012627658
"11\1\1996",-0.431510521217722,0.304415657954057,0.156454276765261,-0.138310127914455,-0.0350016590273622,-0.892191342915318,0.639031891652712,0.826381160886317,-1.8275018576589,0.523077949416859,0.326973669710679,0.216780944753744,-0.512283702648715,0.428178881654608,-0.0524681151098433,0.386173601549353,0.341768078460233,-0.320726605999495,0.279878515357414,1.19904438308937
"2\1\1997",1.31169238430231,0.0689170987847035,0.809402335376271,0.682112494356885,-0.0109468751411493,0.449448190570325,-0.592103108014986,-0.68058990624548,0.415702761761704,-0.80657915288865,0.359254199562409,-0.312885343435504,0.806035971388872,-0.0369536903711036,0.31623285559029,0.73240960804349,0.443804981079665,-0.267654979065586,1.92842321813649,0.932194831135612
"5\1\1997",-0.65901367432328,-0.0878151213565648,-0.642500931777511,-0.406496010457007,0.246782952211141,0.272379013562067,-0.861864543538983,-0.839773065253646,-0.269626464173668,-1.20100472944745,0.553571422126695,-0.736618373986898,0.337114055704051,0.839442507882829,-0.600590093422403,0.506326882995911,0.452489442163086,-0.12382952218667,0.661661258785093,0.608578877239281
"8\1\1997",1.81345065210134,0.665305544502216,1.12183721564986,1.04341525594545,0.0027987156509731,-0.926243107724598,0.589798702761396,0.239225244195222,0.00377056829142064,0.835287912372261,0.255641245319529,-0.41881860107335,0.410757128893093,0.517255294346554,1.14745132574811,0.977174091468487,0.563424056815491,-0.184156533057642,0.729367453889022,1.71080056454528
"11\1\1997",-0.495712610150145,-0.0514551774518272,0.43621622838281,0.0913535344630001,-0.0350016590273622,-0.687880754059637,0.0727401563815841,0.184726005861786,-0.318971412168741,0.470999502699753,0.608369317837533,-0.630685116349049,1.34246151388745,-0.0789335090885724,0.247402685340163,1.08550781190645,0.660769438544815,0.0559068046680833,0.313035774782919,-0.0941294882035774
"2\1\1998",0.735431006831592,0.509465385876313,-0.130454877995787,-0.0809677910590152,0.00623511334900325,-0.653828989250355,-0.757771999127574,-0.814926124204785,-2.02311721487413,-1.18165225904602,0.338267585983027,-0.101018828159807,0.921625987148512,0.354638736400523,0.349841612431631,0.214830183122365,0.530826075458333,0.13919871563991,1.07145713570965,0.916334903436778
"5\1\1998",-0.669058970609562,-0.0796641518049961,-0.182016843531132,-0.047771571126644,-0.028128863631301,0.0203959539733932,0.260976340477152,0.271434908023892,0.502297675418839,0.814314411487198,0.304126941577552,-0.736618373986895,0.200672474010885,-0.168479438111432,1.06801368941552,0.0207025253158902,0.266894934724929,0.181335149536655,0.523449369284298,1.10684427987368
"8\1\1998",-0.103362132733809,-0.158627179986373,-0.324195134636033,-0.314301719887818,0.0268534995371869,-0.80365675441119,0.395590800183287,0.495020714760324,-1.1662294339608,0.0158764960300554,0.139622153155994,0.428647460029439,-0.0846036862704996,0.407530350207726,0.505357429948094,-0.02775230224575,0.0627181807517955,0.359134135691844,0.60447689166115,-0.494232254808997
"11\1\1998",1.60537901418191,1.34045598664569,0.851775039727104,0.663607338130245,-0.701662812445285,-1.08969157880914,-0.111118140565816,0.106974736164435,-1.76154928930343,0.445018396552936,0.252572968584298,-0.312885343435501,0.588316211354063,0.837976068217721,0.714111898411709,0.309299847357863,0.0801679912098459,0.62113553113201,-2.00175360247736,0.543657867697073
"2\1\1999",-1.00518226138346,-1.27000169917234,-0.270846368314802,-0.185011897304568,-0.138093589968279,0.640138073502295,-0.245887654270557,-0.376716679100158,-1.19064449162621,-0.0428438125930989,0.224165776400316,-0.418818601073352,0.341431134312621,0.0526295168938534,0.196041747398265,0.207559108102939,0.0260831383152131,0.584566300918755,0.377277274628926,1.76752658687414
"5\1\1999",-0.152969702206708,-0.504313700345256,-0.790294882495174,-0.833592391783047,0.00623511334900416,1.13729383971779,0.840264522080431,1.23630853531364,-0.852919691357835,0.268981555761178,0.277006135911479,-0.101018828159804,0.867448458952669,0.0268656182123275,1.02524095009163,0.100121938219715,-0.0400246560454609,0.187470717900453,1.05644645295558,0.569180918376538
"8\1\1999",-0.715312827105405,-0.0274783816595088,-0.306582384032375,-0.241403320810331,0.349874883152057,0.701431250159,-0.0265944202235904,-0.333429918241359,0.166501709433767,0.403992453734553,0.128931503722275,-0.101018828159804,0.449550002304699,0.426407757242931,0.26502094532405,0.16207489000716,-0.110500418131413,0.415999610606089,-0.250466333896877,0.135325597625773
"11\1\1999",1.74420653415112,-0.11015777913061,1.17748329726723,1.05059946963093,0.212418975230835,0.524362073150742,-0.0264123749737075,0.127135031360258,0.269369460969407,-0.0511295009522068,0.37935639826273,-0.524751858711201,-0.0690015577984397,1.13884812655524,0.5471069994931,0.758687993848178,0.0656080987922553,0.42768169730018,-0.623055034331186,0.281095999714746
"2\1\2000",-1.30701778627607,0.316260549457286,-0.0704694230413009,-0.105130701356063,0.373929667038271,0.694620897197141,0.545821548540544,0.844682203595442,-0.601565332546533,0.19698769938332,0.172207678372388,-0.101018828159804,-0.188638157916758,-0.649689237310675,1.07569565630669,0.267770151051966,0.0607768617627817,0.440305465489632,0.966206749483779,0.585666592500966
"5\1\2000",-0.639465600846337,0.112971119793889,-0.765790186003122,-0.694185927765318,0.607604710504347,-0.619777224441075,-0.471381709172879,-1.21779271583855,0.525404388521513,-0.489018384015746,-0.104247511526578,-0.312885343435502,0.351773781870992,0.897881337314668,-0.352775150799169,0.287253214813999,0.0377751731353984,0.225135344150463,1.21617839496523,-0.202237047794444
"8\1\2000",-0.103783338251452,-0.737179873089493,0.422432336606028,0.442325637409869,0.24678295221114,-0.578915106669939,0.274908960636506,-0.0797119992933632,-1.23989452529682,0.0357588890286488,-0.230890002600713,0.216780944753743,0.336306913681578,-1.08635637540001,0.143080207203357,-0.522466247083785,-0.196992061876712,-0.0341946257088528,0.770903752121375,-0.272206752236374
"11\1\2000",-0.119036989392118,0.523546760968559,0.302971941207293,-0.0302795669309409,-0.055620045215545,-0.667449695174069,-0.461248566748823,-0.0632695288324649,0.482719202812448,0.516357338124991,-0.333254293269249,-0.312885343435502,0.88005067100407,-0.335179389857279,-0.0380792675728397,-0.659756080138297,-0.518008275760497,0.0935661358689368,1.27107790336886,-2.03037901302818
"2\1\2001",1.79429052500011,1.78428224139497,-0.177677470193995,-0.247950835611459,-0.914719469723178,-1.05563981399986,0.527722992314213,1.1153831483847,0.0290192046870695,-0.161293895641104,-0.720634332933141,1.06424700585653,-0.818653736905812,-1.09641870896308,-0.680746308871753,-1.41021806126186,-0.988954614140364,0.280585678394587,-0.200888376069221,-1.73344320835362
"5\1\2001",0.687850243151599,-0.190368174523042,0.652163866218962,1.07206051130149,-1.31334160269472,0.449448190570325,-0.582315926853637,-0.557215243217783,0.345736925373977,-0.891636636355732,-1.57228593482982,0.53458071766729,-0.0632876533363429,-0.586534428471604,-0.921714967289914,-1.33552764396213,-1.37551240434636,0.355187572542365,1.4358561534268,-0.99974239590909
"8\1\2001",2.52769348684572,-0.377824196960954,4.5320741441264,5.768661062309,-0.86317350425272,-0.59253581259365,-0.94903302750331,-1.54988104986989,0.29809819332876,-1.41403069732024,-1.67461210809523,1.38204677877008,1.23036140685374,-1.36832546336162,-0.6378677318242,-1.40704943039779,-1.75573149391399,0.264520270717394,-0.290512769963793,-1.61733717679204
"11\1\2001",-3.38716260747801,-0.0413677771271284,-6.11062185107575,-8.51519998043098,-1.41299713593761,-0.429087341509106,-0.814766321286054,-0.0106348083628963,-2.35395545091978,-0.722836487377429,-2.17154428534202,2.12357958223502,1.08452223590033,-0.482926713105024,1.22827551130634,-1.28091034586523,-2.03403869003951,0.174167114859662,0.311259670877403,-0.529829035607588
"2\1\2002",0.864207790140899,-0.64554832059828,0.708830976856826,1.59666903037703,-0.419878201206782,0.626517367578583,0.869023267903295,0.26100122356133,0.309458257005511,1.48530585441154,-1.62397748272314,0.640513975305138,1.13994473657155,-0.148176363191836,-0.770921593291699,-0.0856279622114189,-1.96796030960291,0.623003428393287,1.07256863412482,-0.0790483798425733
"5\1\2002",-1.89789042563548,-1.58017784750872,-0.630759098041742,-0.682289030040693,0.00967151104703432,0.0476373658208163,1.0273069249358,1.4308362050439,0.48777776757448,0.636010138132189,-1.17835896491683,0.428647460029439,-0.602779326866963,-0.306681362531097,-0.420891988413722,0.428541380453699,-1.79010166419673,0.532518829526727,-1.3947672575899,-1.52367238922223
"8\1\2002",0.617354027837353,1.70128385443066,1.06772267756326,1.25526656477377,-0.0178196705372099,-1.7162440512999,-0.56581887956047,-0.799214073304588,1.39092819845433,-0.229363966212502,-1.04633459351086,-0.312885343435501,0.351795297589187,-0.253599180742769,-0.458656628529467,-0.137999345558138,-1.67937294701285,0.550562388719068,-1.62225823217119,-3.28903681567915
"11\1\2002",1.23611378931143,0.280041063498449,0.82063365460179,0.730548271703608,-0.313349872567835,-0.517621930013234,0.10295106347286,-0.106214293816153,0.537600077655221,0.684327779130369,-0.774243406333665,0.428647460029441,0.605721299733474,-0.890316351564144,-0.771640597326001,-0.529888619336994,-1.70861038754434,0.641642750506711,0.0166131012936885,-0.312660043042229
"2\1\2003",0.481755947968793,-0.876137785869664,0.733590930603995,0.758808460790011,-0.206821543928889,-0.177104281920432,0.958630384430165,1.06887194496732,0.942419875935271,1.27343533155254,-1.17348564823072,0.00491442947804453,-0.4357605510545,-0.595606487963617,-0.528193346635338,-0.015902489899024,-1.59917588301981,0.659283682483613,-1.7504013310134,-0.831285005115924
"5\1\2003",0.583432716745755,0.752802025830135,-1.02793938701701,-1.01893166217198,-0.0109468751411489,-0.612966871479219,-2.67616551619299,-1.85611270476813,0.04970714792959,-2.42042909613367,-1.14134235221505,0.852380490580833,0.502000917920795,0.0607345582167463,0.0413462018164868,-0.954511653033331,-1.66723970333153,0.708154529368718,-1.62092632402791,1.08707417719821
"8\1\2003",-0.340189170000844,0.10463636448883,2.2186776409241,2.4200552358847,-0.244621918607225,1.25306984006934,2.02103912012675,1.29086446918282,0.35542623155417,1.21846852628253,-0.724709921858187,0.00491442947804453,-0.430553793330112,1.19081635046495,0.832693915526889,-0.0752142452102206,-1.56159224153177,1.06866453710132,0.0399040547329162,0.806617684337135
"11\1\2003",-1.67627121878693,-3.37615843176603,-3.16240055437634,-3.61488250657649,-0.0281288636313014,0.108930542477521,-0.832663640303233,-0.686361632168642,2.1565396779868,0.0564552243351193,-0.299454025275286,-0.948484889262595,-0.279647506174331,-0.174626290527926,-0.453727589886133,0.167047827501298,-1.36120253028341,1.42787765536295,-2.14901605616061,0.589092230087567
"2\1\2004",0.896009684638178,1.41395299686809,1.46439245202827,1.63194262015832,-0.000637682047057169,-0.544863341860657,1.0260655606345,1.53576214875027,1.46205429913832,-0.175919952483517,-0.241670813593752,-0.41881860107335,-0.772180574495844,-0.0846536023588915,0.334290656694984,-0.0366354616061202,-1.24271589062451,1.14133600721476,-1.07897550694182,0.871092955701037
"5\1\2004",-0.207191200110296,2.03887777133572,0.813486451458281,0.857092850879357,-0.000637682047057283,1.18496631045078,-0.149155762446536,0.239002525193932,0.178792264842002,0.664944440392506,0.221499780693645,-0.312885343435504,-1.29709242552565,0.0646584317376056,-0.389424186033518,-0.195614466328928,-1.10760303038169,1.18890600381744,1.24756839201927,-0.353184759822537
"8\1\2004",-0.0142534361393003,-1.64937031548448,-1.24031342328141,-1.22714234017121,0.428912030206759,-0.606156518517362,-0.343427374007425,-1.45526968197947,-0.608618152161665,-1.16148742300902,-0.310840342072745,-0.524751858711198,0.0206484498141222,0.0983813474714224,-0.00480934367371226,-0.181133271455706,-0.955371266326661,1.28673289496273,-0.551792260423621,-0.679957041996073
"11\1\2004",0.246043937961999,0.489415485195095,0.334623840842856,0.0968293101212305,0.525131165751614,-0.26563887042456,0.955352309898422,0.821666968795197,-0.024235910067613,1.85214111252551,-0.00799225885033278,0.00491442947804453,-0.916469369303954,-0.203798348380044,0.253762221875808,0.397131268086501,-0.754032956026856,1.25816552887594,-1.9802333392499,0.584025142037201
"2\1\2005",-1.59535140946714,-1.09802357719135,0.253707290968078,0.263351666031535,0.528567563449644,0.251947954676499,-1.20193460013615,-0.462352404449349,-0.265993958767766,-1.37189062690537,-0.191032582755243,-0.524751858711201,-0.670466945190648,-0.0809949517597445,-0.648245097436972,0.397102444071387,-0.531568094759504,1.5124891092061,-0.186868710079139,0.176229873564516
"5\1\2005",-0.194440146159515,0.0684429713011738,-1.56627693807666,-1.40483936660671,0.480457995677217,-0.279259576348273,0.172441657877722,0.0546040531067857,0.348306532404347,-0.117248337105171,0.186668691296165,-0.418818601073352,-0.333696257744614,-0.186207108934623,0.0398697939605606,-0.206662629120677,-0.505536771952299,1.46488173250168,1.11368728719907,-0.358607246826164
"8\1\2005",0.728032912119296,0.986575768208539,0.812465422437777,0.8475339761931,0.525131165751614,0.108930542477521,1.84942950007396,1.63509150496996,-0.542535955792711,1.22941628738545,0.168888149929687,-0.524751858711198,-1.44020680804577,0.169832277665099,0.082296922861519,-0.584176049458491,-0.551944590663114,1.57805383280533,0.640923292362279,0.304632313043181
"11\1\2005",-0.329693614370579,0.0346952381466168,-0.15929894782496,-0.472727234465111,0.528567563449645,0.565224190921879,-0.812299411510446,-1.06644836529144,0.411380558932463,-0.00256430937079085,-0.0199965628723059,-0.101018828159804,-1.04833006145359,-0.563158751009883,-0.784810068311104,0.150706933622432,-0.344105803142523,1.50549453135113,0.747071594218068,-0.364207562389123
"2\1\2006",0.338640150516397,0.122894546865792,-0.244554871036881,-0.199900941195904,0.483894393375248,0.163413366172371,-1.42261712810103,-1.21474802320702,0.829386570107793,-2.09350285458715,0.33546542754797,-0.630685116349049,-0.53328234518598,0.444678342350294,0.268966669287023,0.0828118567457914,-0.263769023010114,1.62456322580658,-0.276859764999794,0.385737097458133
"5\1\2006",-0.543233294199892,-0.804528523769823,0.90410277702782,1.06757149105725,0.456403211791003,1.02151783936623,0.79965340475419,1.14867602986202,1.17791693966025,0.664988703781705,-0.193702886518412,-0.206952085797652,-0.720749750303278,-0.166074460638079,-0.267360045754023,-0.124849869154591,-0.277534739477653,0.979295554889162,-1.19330772219973,-0.383783129475488
"8\1\2006",-1.02936165029269,0.329337428537167,-1.47948947133399,-1.52796058771574,0.343002087755996,-0.35417345892869,0.117732793032422,-0.130919681201151,0.839375806254462,-0.271666466513646,-0.353381109918543,-0.101018828159804,-0.430271810472858,-0.715426174036917,-0.470461654612407,-0.15930011387544,-0.275865499286345,0.564759809867225,-0.109945455768251,-0.256604096146822
"11\1\2006",1.27401707102995,0.844283231025753,1.07895399678879,0.836692725999885,-0.00751047744311827,-0.544863341860659,-2.60121773000831,-2.80252675494182,0.879692342632403,-1.08353309048045,-0.196133276172908,-0.630685116349049,1.96311274359968,-0.507567939233637,0.0693931344978597,-0.575340654690945,-0.38549119431737,0.174167114859662,0.0683121185351624,0.986757294829559
"2\1\2007",-0.122933907246373,-0.271394805320231,-0.280801401264702,-0.254295523913623,0.0027987156509731,0.102120189515666,2.69899982352672,2.97945043596375,0.923980334785151,2.40096307423211,-0.165437025015305,0.216780944753742,-0.292507781544057,-0.934926601198903,0.123740234830552,-0.187352953555792,-0.396109620908786,-0.198526497643777,0.165241564137891,0.144896994197573
"5\1\2007",0.369694358143912,-0.0873525486405415,0.983743040626978,1.14116453786901,-0.0143832728391795,0.340482543180629,0.171190444409821,0.181903862896476,1.71681210780763,0.52557943284758,-0.497538119655051,0.110847687115893,0.21880797624178,0.435815609835042,-0.565019051868519,-0.0960447864257531,-0.356430237330343,-0.17533469562275,-0.993028739544015,0.684506933404834
"8\1\2007",-0.993800594071292,-0.152364051879353,-1.02513155721062,-0.475484220902158,-0.189639555438736,-0.238397458577137,-1.01831547604537,-0.889098080046963,0.657795515941758,-1.63776694004302,-0.760652097411532,0.53458071766729,-0.539518102653617,0.428818187502816,-0.547794362046677,-0.138674225710564,-0.355305154734439,-0.745346874334853,-0.999662779177421,0.00498858846564009
"11\1\2007",0.653673320970384,0.10195737396379,-3.28722135213271,-0.583649018575233,-0.602007279202399,-0.960294872533878,1.82421593014727,1.3655445810478,0.147907340060606,2.0364440684486,-0.38782678451366,0.32271420239159,-1.40277035336582,-1.00139598064218,-0.941275806005372,-0.340360361903538,-0.450878347538185,-1.32284107278866,-1.76011192176026,0.0940583835486751
